Age (Ma),2.50%,5%,17%,25%,50%,75%,83%,95%,97.50%
1800,-0.29481622,0.462674807,1.46368367,1.775140789,2.469334513,3.177636023,3.506624294,4.806609667,5.640562686
1801,-0.262561062,0.475484092,1.447860002,1.755170783,2.443765825,3.144416068,3.470116786,4.761690361,5.598043814
1802,-0.210883634,0.478559874,1.433114174,1.738961505,2.415179185,3.111826405,3.43562232,4.716460515,5.550763914
1803,-0.188772508,0.483499485,1.420777484,1.722040089,2.390874424,3.080735289,3.399761976,4.667122871,5.518614017
1804,-0.14688505,0.489301599,1.40030629,1.702148148,2.36568989,3.04668266,3.362379572,4.626349487,5.471553373
1805,-0.109870428,0.494936492,1.388465826,1.68344604,2.335372541,3.015269523,3.331893016,4.57915741,5.443666525
1806,-0.084103976,0.490394422,1.368004208,1.66101834,2.306157057,2.979455898,3.296895784,4.533143433,5.396509305
1807,-0.07393218,0.486320696,1.352620327,1.639654464,2.279143187,2.946620738,3.264829292,4.498077636,5.347925463
1808,-0.048307615,0.479833504,1.33530334,1.618610325,2.249886227,2.915587271,3.232659971,4.450386268,5.310127759
1809,-0.030471042,0.475124257,1.318388856,1.599796015,2.220539452,2.881302814,3.198173447,4.406632842,5.252315015
1810,-0.024373561,0.460684875,1.30040757,1.574365144,2.190803346,2.845188655,3.16186976,4.361516115,5.198772595
1811,-0.01644995,0.455806703,1.281134497,1.551839428,2.160117844,2.813281406,3.133175554,4.321824104,5.152693078
1812,-0.001579472,0.444386299,1.261175363,1.528854686,2.130607755,2.781880602,3.1032415,4.278625936,5.090861281
1813,0.000527835,0.422610981,1.24238912,1.507597026,2.098849929,2.746560988,3.072925353,4.24244669,5.028434942
1814,0.007753395,0.411372256,1.221546802,1.482422728,2.073211444,2.71415388,3.039136188,4.192556321,4.979326463
1815,-0.006601462,0.399162118,1.194539927,1.456053298,2.038163578,2.68583097,3.006819969,4.151491206,4.940809454
1816,-0.006776141,0.383651306,1.174477764,1.433312796,2.009381162,2.653441484,2.975826016,4.097216744,4.890924503
1817,-0.006972862,0.366790456,1.147365507,1.406179095,1.979906666,2.622799266,2.942667616,4.054655403,4.837545074
1818,-0.011162642,0.348259862,1.121434325,1.375903847,1.948310473,2.59100947,2.914843826,4.011947109,4.800259175
1819,-0.028904483,0.338780956,1.096250363,1.351209556,1.918753757,2.55854235,2.883624691,3.966199847,4.752767302
1820,-0.039268983,0.319226328,1.064093734,1.321047766,1.890193812,2.527590661,2.85658572,3.923386484,4.697933441
1821,-0.04912503,0.297170471,1.035927969,1.292406755,1.8601539,2.497138853,2.824311279,3.882102471,4.655090524
1822,-0.059035343,0.274741848,1.005198782,1.260592948,1.831484805,2.467668554,2.794826738,3.835964992,4.618474592
1823,-0.061637591,0.258523831,0.973190154,1.230322874,1.800284738,2.440847847,2.765004147,3.801225247,4.567261559
1824,-0.073797834,0.235720672,0.940882615,1.197015738,1.772280911,2.41074806,2.738760755,3.760111915,4.529818221
1825,-0.080774644,0.214838312,0.909474445,1.163303451,1.742880814,2.385214861,2.706095518,3.724559498,4.49439739
1826,-0.09527455,0.2002106,0.87486406,1.129681143,1.713527096,2.356910787,2.676432949,3.689154583,4.46015369
1827,-0.101240363,0.177695563,0.846842976,1.098237373,1.681797078,2.328856796,2.646399721,3.656369987,4.409155355
1828,-0.124021282,0.162955064,0.81379908,1.065713594,1.654533458,2.303175902,2.620425071,3.616457491,4.391506572
1829,-0.135018791,0.141839049,0.782970833,1.031114761,1.624377332,2.27629569,2.591045338,3.581482337,4.363043789
1830,-0.1406019,0.124351393,0.749649928,1.000387085,1.594760561,2.247567327,2.564729718,3.554713161,4.321449816
1831,-0.156529395,0.102156159,0.718805566,0.9657741,1.565899228,2.224131875,2.533116787,3.522261069,4.315102073
1832,-0.167348032,0.080353593,0.686795519,0.933800173,1.536944638,2.197146957,2.507715037,3.493551352,4.285675567
1833,-0.184875572,0.061477697,0.657372162,0.901808784,1.505269686,2.166193441,2.476929829,3.460258229,4.272109988
1834,-0.187703072,0.045672479,0.628407259,0.870211704,1.477154394,2.141718026,2.451075944,3.433157353,4.253228177
1835,-0.210704907,0.023879808,0.596716323,0.835211243,1.447587816,2.115523234,2.420071376,3.413999567,4.243114798
1836,-0.222251624,0.000142677,0.566583735,0.804424065,1.414533152,2.085033841,2.389173097,3.386092045,4.227376774
1837,-0.240293407,-0.012079681,0.539427957,0.776512663,1.384898434,2.060486183,2.362120534,3.365693372,4.214263126
1838,-0.249365943,-0.031566237,0.510002589,0.744726264,1.354072713,2.035353009,2.333967535,3.345404089,4.194154192
1839,-0.26548571,-0.049466583,0.479975545,0.714930288,1.321824639,2.011204163,2.305050239,3.32902549,4.170106443
1840,-0.275549055,-0.06714248,0.452593385,0.686249879,1.294186257,1.985091907,2.279471819,3.304371913,4.169631991
1841,-0.286796056,-0.080261922,0.426046661,0.65625845,1.262388296,1.960552408,2.250579281,3.281834307,4.15095422
1842,-0.300172147,-0.099759319,0.40008078,0.629912117,1.2348892,1.932434177,2.223043143,3.267823692,4.139149806
1843,-0.314020627,-0.113942495,0.377252086,0.601379627,1.204013199,1.909326208,2.196559742,3.252585344,4.129969119
1844,-0.323276173,-0.129988541,0.351968227,0.574721466,1.174777168,1.882509439,2.170172725,3.246700543,4.104306553
1845,-0.333720439,-0.144707445,0.332077621,0.5500792,1.148723543,1.860675339,2.143574389,3.225057273,4.090339424
1846,-0.351496577,-0.160948725,0.309576058,0.525002664,1.118560212,1.835140363,2.120056298,3.21184139,4.082222146
1847,-0.361122434,-0.175748883,0.286847069,0.500122789,1.089986386,1.80986542,2.09770921,3.191501778,4.059215129
1848,-0.370634471,-0.185678004,0.265281012,0.47917952,1.065603361,1.78696934,2.069215884,3.17866351,4.037725764
1849,-0.380912183,-0.200814195,0.245869755,0.453977034,1.042524642,1.766034998,2.048413577,3.170564405,4.011525943
1850,-0.390518392,-0.212033127,0.226825148,0.435705789,1.015980562,1.743830176,2.027255637,3.156749768,3.995166797
1851,-0.400839457,-0.220861621,0.209922563,0.414155419,0.994535823,1.720243139,2.005600019,3.145336191,3.970331776
1852,-0.413413316,-0.235032012,0.192183704,0.393169431,0.969726108,1.698153192,1.985559376,3.136825294,3.953704054
1853,-0.414805746,-0.241456125,0.178154888,0.376938585,0.949919775,1.678649203,1.965668713,3.129537119,3.920317198
1854,-0.42753457,-0.25667546,0.162753909,0.360197378,0.92642426,1.657911779,1.944714672,3.11851888,3.892831259
1855,-0.435036598,-0.259601433,0.146611673,0.342330766,0.907788162,1.638839759,1.92793648,3.108150976,3.874950212
1856,-0.442450034,-0.270895781,0.133799234,0.327443113,0.888297297,1.620401469,1.911119283,3.08981569,3.837353777
1857,-0.445874467,-0.27669779,0.119307494,0.311067023,0.87177588,1.597860453,1.893782593,3.07557413,3.81480208
1858,-0.456800417,-0.288664333,0.10783106,0.297794747,0.853851253,1.580179917,1.880126411,3.075558444,3.772727288
1859,-0.46107325,-0.289923666,0.100147066,0.286254243,0.83930509,1.563756288,1.861864651,3.050236516,3.747100705
1860,-0.467033478,-0.301397682,0.087700858,0.272740317,0.822776697,1.547368002,1.844715971,3.036802463,3.705304629
1861,-0.472029501,-0.306092197,0.076515845,0.262223995,0.814331854,1.531658342,1.830342775,3.015900968,3.671906697
1862,-0.475968543,-0.309049161,0.07007201,0.254134735,0.799581173,1.516670126,1.818752395,2.999273828,3.636782259
1863,-0.47895947,-0.316457695,0.060510081,0.244372194,0.791745354,1.504031728,1.800073818,2.982866601,3.599898311
1864,-0.477415289,-0.321844996,0.055974943,0.235880852,0.781525184,1.488078275,1.788874635,2.960803263,3.562090695
1865,-0.48820152,-0.323566407,0.048139781,0.229001646,0.772575041,1.478053877,1.77511707,2.931914532,3.524412415
1866,-0.482332188,-0.324781514,0.043962666,0.2247592,0.765700971,1.463583181,1.763191148,2.907111071,3.485037455
1867,-0.488593697,-0.331325368,0.039922572,0.220676139,0.759026122,1.457876002,1.754022912,2.880779524,3.45310592
1868,-0.486199709,-0.334627256,0.036405175,0.216377072,0.753219095,1.445839287,1.744403759,2.849743249,3.412200351
1869,-0.486195712,-0.333875755,0.03618449,0.213106024,0.751802582,1.437870456,1.736974773,2.819131261,3.363852882
1870,-0.487894596,-0.329115943,0.035883352,0.213527286,0.75055648,1.4321471,1.72846956,2.791453846,3.334826097
1871,-0.484771235,-0.33023726,0.036685612,0.215584814,0.748401162,1.424722206,1.722433967,2.76056604,3.291198703
1872,-0.486824496,-0.331257081,0.037317283,0.215861606,0.747431176,1.418005488,1.717716525,2.722675906,3.257192769
1873,-0.485682791,-0.332443097,0.039498504,0.216764851,0.747287449,1.413601843,1.717249541,2.688040913,3.218778062
1874,-0.483338391,-0.32816215,0.042843876,0.219298316,0.75056714,1.409389059,1.715036242,2.657419556,3.176310788
1875,-0.479860624,-0.324843879,0.046380904,0.223703061,0.752840387,1.409773622,1.712968526,2.623185429,3.134256581
1876,-0.474558062,-0.319104653,0.049361554,0.230523171,0.75787185,1.40912171,1.715863899,2.585637469,3.095501649
1877,-0.474326648,-0.314517676,0.058331172,0.236735551,0.762503152,1.409458475,1.724942021,2.55582977,3.046318269
1878,-0.466279781,-0.311508734,0.064988393,0.243497577,0.769942247,1.4117051,1.725907029,2.527821678,2.995758502
1879,-0.45693557,-0.305484952,0.070897265,0.251644416,0.774266737,1.415093173,1.729277901,2.512856634,2.96096164
1880,-0.456694517,-0.293406434,0.082123863,0.261108935,0.784712068,1.421589087,1.737122533,2.487751928,2.90956024
1881,-0.446032793,-0.285071417,0.091334353,0.272519903,0.793062882,1.429356502,1.749231728,2.476202014,2.868954649
1882,-0.430226387,-0.276679002,0.101564858,0.282381232,0.800760678,1.438318697,1.756989313,2.459432616,2.82990709
1883,-0.427678482,-0.267774607,0.113177505,0.295578193,0.812800574,1.445811592,1.764787659,2.4502425,2.789890455
1884,-0.411960295,-0.251505205,0.12694195,0.308027722,0.824113188,1.456350236,1.77764443,2.431294844,2.761411733
1885,-0.39697014,-0.238263272,0.139826984,0.322619708,0.840995261,1.467952888,1.786067505,2.420022511,2.735073323
1886,-0.385713059,-0.225489045,0.155000245,0.337002922,0.854881357,1.483408264,1.793557644,2.41028548,2.711847182
1887,-0.36925015,-0.212011788,0.169258943,0.352841049,0.87252707,1.497593377,1.796509231,2.395549106,2.695436755
1888,-0.349505307,-0.191739366,0.181839239,0.366013484,0.888335572,1.513420178,1.799493331,2.3876366,2.682561782
1889,-0.337782252,-0.173817449,0.199223127,0.383178452,0.905767849,1.529181169,1.801624585,2.378152966,2.663743219
1890,-0.315608899,-0.157182066,0.215864372,0.399777892,0.924927584,1.541026277,1.801387386,2.373335239,2.662716476
1891,-0.296791346,-0.134063982,0.234063155,0.415829844,0.947559608,1.555982549,1.800517637,2.374877467,2.657058361
1892,-0.281265445,-0.115932031,0.25275011,0.436827775,0.968999717,1.56946075,1.803080581,2.374753768,2.649671616
1893,-0.259410945,-0.096828581,0.269003429,0.453510846,0.993096126,1.583139109,1.810123563,2.387262228,2.646800344
1894,-0.24074588,-0.072298976,0.287292805,0.474530073,1.01613884,1.594992355,1.812665367,2.394657762,2.643935159
1895,-0.215071525,-0.056096843,0.306741046,0.495038393,1.043692905,1.608239561,1.821819932,2.407300189,2.642590656
1896,-0.192629846,-0.029825288,0.327903186,0.517007561,1.069222545,1.622053874,1.829684829,2.423691124,2.651006011
1897,-0.16917764,-0.009108787,0.352115406,0.540366227,1.093452542,1.634380029,1.839586489,2.429637458,2.655801331
1898,-0.147473697,0.01216906,0.373668092,0.565251488,1.120169625,1.650444909,1.852313698,2.442976904,2.662907881
1899,-0.12484997,0.033592628,0.399939556,0.589889439,1.14804771,1.668414959,1.86995422,2.455003192,2.666764086
1900,-0.098360117,0.056006267,0.425295678,0.617202649,1.173978372,1.684187061,1.885993162,2.469905294,2.680422687
1901,-0.078641328,0.079204297,0.44936253,0.643138965,1.198874756,1.705332701,1.907098873,2.485642299,2.686112423
1902,-0.057292974,0.100477051,0.480942332,0.673145775,1.22258858,1.728784615,1.929762426,2.494699161,2.701070277
1903,-0.035248418,0.124075566,0.508971953,0.701956004,1.248548109,1.746775041,1.953958161,2.509551312,2.712949889
1904,-0.015526484,0.149183026,0.540568207,0.730260013,1.271931824,1.772653781,1.978570796,2.52776252,2.728170533
1905,0.007188484,0.171889409,0.569505228,0.761276489,1.29670616,1.796984869,2.001321068,2.537386116,2.740911746
1906,0.033781649,0.201050505,0.602725415,0.79317322,1.322477198,1.822281132,2.028266268,2.553823969,2.755755151
1907,0.05358465,0.228928235,0.636698456,0.820008315,1.34579076,1.847893395,2.058462492,2.569822758,2.769340593
1908,0.077462194,0.255837142,0.667726338,0.849867714,1.371336418,1.875717247,2.08534351,2.592292345,2.778790894
1909,0.103727887,0.283076273,0.699814781,0.884090865,1.399268991,1.903561862,2.109333789,2.603562329,2.795910671
1910,0.129845384,0.316171333,0.731323654,0.914969159,1.425754246,1.933797015,2.13368524,2.620360413,2.812631709
1911,0.15081605,0.349881216,0.765163744,0.946625077,1.454397098,1.964865055,2.16221259,2.637206504,2.822036653
1912,0.183746055,0.382473317,0.800670181,0.977223203,1.483152036,1.994388513,2.1893647,2.656708293,2.837746595
1913,0.205852841,0.415343176,0.834031633,1.009510658,1.510677114,2.025514811,2.215774843,2.677579877,2.85498042
1914,0.235767115,0.44815315,0.870227212,1.04048997,1.540541318,2.054253447,2.23911921,2.693128841,2.868756502
1915,0.273504958,0.479234094,0.902262579,1.072997589,1.570195768,2.081497679,2.270458857,2.716423266,2.88819354
1916,0.304269853,0.515838767,0.934815765,1.103612748,1.600115453,2.114338237,2.296636779,2.72992205,2.902432206
1917,0.331531099,0.546868309,0.970029767,1.138544749,1.629068346,2.142124175,2.324143557,2.7549301,2.922706332
1918,0.363087335,0.582774421,1.00460908,1.170484514,1.658272632,2.171707575,2.352096507,2.76906047,2.939344787
1919,0.401248505,0.615863151,1.03449259,1.200720072,1.689635548,2.201015934,2.379136225,2.795355745,2.957574204
1920,0.429348025,0.650340802,1.072885774,1.234964229,1.717857996,2.229579914,2.406494919,2.808816407,2.98069045
1921,0.463128116,0.684165659,1.106554398,1.266833899,1.748401618,2.256098067,2.436077585,2.829385811,2.994858915
1922,0.498998648,0.716665539,1.139137636,1.299199428,1.777104479,2.28624328,2.463049283,2.849124857,3.011626563
1923,0.531144745,0.749588412,1.173231264,1.331558185,1.808243798,2.316683662,2.490252943,2.8689814,3.035556803
1924,0.564018183,0.784473988,1.207097448,1.363747195,1.836492221,2.344633173,2.518504744,2.889970044,3.058915336
1925,0.600385511,0.815396663,1.239184636,1.393036012,1.865683785,2.373247396,2.543905959,2.909960042,3.079453026
1926,0.633975116,0.853107588,1.269413268,1.425803544,1.893879737,2.401094802,2.570175567,2.927775198,3.100547153
1927,0.668306284,0.884087936,1.301503591,1.458303237,1.920212107,2.426494607,2.596072478,2.948251525,3.126017079
1928,0.703875987,0.917398719,1.330879769,1.488397614,1.94855963,2.451936111,2.622286622,2.971760843,3.146082839
1929,0.732697055,0.953830982,1.3604589,1.520724235,1.974036769,2.476514253,2.643675605,2.993070131,3.169803251
1930,0.768298863,0.986047768,1.391377252,1.549248406,1.999578247,2.503613013,2.666568939,3.015349126,3.193669905
1931,0.802198836,1.012962586,1.422883197,1.58046997,2.025896689,2.52529674,2.690561089,3.03744774,3.220994276
1932,0.835100348,1.044122157,1.451782463,1.610255528,2.048873355,2.546829422,2.712771833,3.061195473,3.250030298
1933,0.869602549,1.069800227,1.478058156,1.638634734,2.074053122,2.568948179,2.732010499,3.085882448,3.272041447
1934,0.909082923,1.098700029,1.509700851,1.66913516,2.097174084,2.589213322,2.752962539,3.108426479,3.294524877
1935,0.934690166,1.125498325,1.536848524,1.696782336,2.120292081,2.608194032,2.774012764,3.13415956,3.320875945
1936,0.968396459,1.148240162,1.566124693,1.724602102,2.143090402,2.627111158,2.791543681,3.160963017,3.3439125
1937,0.998078873,1.172618487,1.591438897,1.749633224,2.165593806,2.643489765,2.810445067,3.187041138,3.376315301
1938,1.019294172,1.19516119,1.619475849,1.774851176,2.184481947,2.660368649,2.82526767,3.210703807,3.397686117
1939,1.04397885,1.215815048,1.644472381,1.800514737,2.204999682,2.675204458,2.84616813,3.237004038,3.424379608
1940,1.063037408,1.234001385,1.669196646,1.825101777,2.222574059,2.691408126,2.861250389,3.263899888,3.44897755
1941,1.087166555,1.255977814,1.692192863,1.848740005,2.241884842,2.707726361,2.878715491,3.285854617,3.472595518
1942,1.103892113,1.275927695,1.715862928,1.869852732,2.258677763,2.719802264,2.895407349,3.311796741,3.500709603
1943,1.119898259,1.297712298,1.737773943,1.890220857,2.275493545,2.734315444,2.91235685,3.335565229,3.522811097
1944,1.133061379,1.312769448,1.760206029,1.909260387,2.290419211,2.747730931,2.924972227,3.356966159,3.54880926
1945,1.142272559,1.323865016,1.777768396,1.931084866,2.304556231,2.75725583,2.943162799,3.379109201,3.576045455
1946,1.147578131,1.336784631,1.796315004,1.948248156,2.317544367,2.770752606,2.954002342,3.402095872,3.590566375
1947,1.153292346,1.355034688,1.815033251,1.966016889,2.331383724,2.77839421,2.96420903,3.421536071,3.610917588
1948,1.161096661,1.361873139,1.832667981,1.982288579,2.341084678,2.791235711,2.981355463,3.442036221,3.629581349
1949,1.16474889,1.370168462,1.847518378,1.995498389,2.349911121,2.80076827,2.993723973,3.459246181,3.650986578
1950,1.163883489,1.374283281,1.86175337,2.010892416,2.358097087,2.809081654,3.004642866,3.476344069,3.670932369
1951,1.167968889,1.38518656,1.874584141,2.023889718,2.367643664,2.816225345,3.014468307,3.494335291,3.686189721
1952,1.169927803,1.3830347,1.887539386,2.034888855,2.374363909,2.823416965,3.023554107,3.509116175,3.697527323
1953,1.166887117,1.383161319,1.898426205,2.043138886,2.382630992,2.830423033,3.037646362,3.524319014,3.715565035
1954,1.167871003,1.378373951,1.904210538,2.050633252,2.385038448,2.835291057,3.045830462,3.531974501,3.727916561
1955,1.164355501,1.380252861,1.911057059,2.056730741,2.391125535,2.839635059,3.051873772,3.552071631,3.740222375
1956,1.161228748,1.375057846,1.917877147,2.060801038,2.3959218,2.845309311,3.059342768,3.55875852,3.753871714
1957,1.160368366,1.369320546,1.921251887,2.06373764,2.399128275,2.845837048,3.063349797,3.567504178,3.760447391
1958,1.155880079,1.367423319,1.921188944,2.065243667,2.400988807,2.848051712,3.065879338,3.57862596,3.767329588
1959,1.157609422,1.360916275,1.923389684,2.065573776,2.401568857,2.849143351,3.069494697,3.585489606,3.770057644
1960,1.154177911,1.35349544,1.921829817,2.062337776,2.402632067,2.849556935,3.070155445,3.591753791,3.77176723
1961,1.154257018,1.348158397,1.918740723,2.06084915,2.402676735,2.850983997,3.070605766,3.593129633,3.776975382
1962,1.147460538,1.343515764,1.912143829,2.05777061,2.399606457,2.849536914,3.072432484,3.598140383,3.775109472
1963,1.140956646,1.33687512,1.906786224,2.053868504,2.397760456,2.848605705,3.066979476,3.601894998,3.771890426
1964,1.141605894,1.333474581,1.898478304,2.047049682,2.393845873,2.847012519,3.066313212,3.600126011,3.772210268
1965,1.135585702,1.328366908,1.88886504,2.039289555,2.387679937,2.841953846,3.061212844,3.596843736,3.769201721
1966,1.12821022,1.321206795,1.87979452,2.032022629,2.383691117,2.836197927,3.054714703,3.594714577,3.766389104
1967,1.123323431,1.31845983,1.867836686,2.022844985,2.378239485,2.834223806,3.049392785,3.589664514,3.752049221
1968,1.116637967,1.31410212,1.854054997,2.013266505,2.371898296,2.830717675,3.040221476,3.587992142,3.746454839
1969,1.105990454,1.304889869,1.839835408,2.000734379,2.363316644,2.822956764,3.034758748,3.580752332,3.736818556
1970,1.104112826,1.298099997,1.824413712,1.988012675,2.353991745,2.814238378,3.024979225,3.573402193,3.72935603
1971,1.094577196,1.28735801,1.808774078,1.973674104,2.343927353,2.805754452,3.014915644,3.561889114,3.720327429
1972,1.086908912,1.282584888,1.792234723,1.961892689,2.334992365,2.7954,3.003865585,3.554959297,3.707681725
1973,1.081521449,1.275546056,1.772213372,1.945342667,2.324223809,2.786474067,2.994255814,3.543233493,3.690286499
1974,1.069660305,1.267268386,1.754213538,1.927188023,2.312285298,2.774734911,2.980579086,3.528798368,3.678382695
1975,1.064163865,1.255316425,1.735902423,1.91157582,2.299150337,2.760579816,2.968394573,3.515528957,3.661435263
1976,1.058751517,1.24384405,1.718996074,1.895242504,2.287909597,2.7451277,2.953936955,3.503217969,3.646405223
1977,1.045855707,1.236465916,1.69911926,1.875680511,2.272699292,2.733282084,2.942425735,3.482888988,3.632174695
1978,1.042178007,1.224927925,1.677776678,1.85673974,2.256563706,2.719762545,2.92757428,3.468105926,3.611569408
1979,1.029961893,1.212586227,1.659909089,1.837620485,2.242571731,2.70135827,2.911283505,3.449392302,3.594646613
1980,1.013878609,1.198347226,1.639312937,1.816927942,2.224901853,2.686395245,2.893794267,3.430669769,3.579846718
1981,1.010582645,1.185956786,1.620198622,1.796988712,2.208167498,2.667672112,2.877193747,3.408006116,3.558241794
1982,0.993344573,1.171005488,1.600619977,1.776261221,2.189582018,2.65181343,2.857519216,3.391963448,3.542849961
1983,0.985463631,1.15585739,1.580961008,1.753790397,2.172046576,2.634649325,2.839260509,3.372260397,3.524525828
1984,0.971707184,1.145391304,1.561321596,1.731484649,2.150491864,2.61554585,2.815579073,3.351197538,3.510764961
1985,0.959619838,1.127474059,1.544103852,1.711085762,2.130950073,2.600228009,2.798248373,3.332042657,3.489062114
1986,0.946337358,1.115485964,1.526161238,1.688004342,2.111767376,2.580719343,2.776457439,3.311960826,3.468829812
1987,0.935150023,1.099387089,1.508287377,1.668787447,2.09167727,2.563086699,2.758237598,3.289610208,3.449909523
1988,0.919422693,1.087440135,1.489864491,1.647294661,2.070445254,2.545375225,2.738219775,3.27127552,3.432326625
1989,0.908716162,1.073577317,1.473454204,1.627242961,2.048728367,2.52749366,2.715130427,3.25070775,3.412744702
1990,0.8950102,1.058808533,1.454750864,1.607793069,2.026674085,2.508285864,2.693427493,3.227931324,3.394849256
1991,0.884266696,1.043075385,1.438624966,1.587026671,2.005753847,2.490192131,2.673245976,3.207257036,3.376134011
1992,0.869960882,1.026207512,1.422782219,1.571272877,1.983185283,2.469162756,2.652286378,3.190571161,3.363407537
1993,0.854201013,1.015806922,1.407083848,1.552471846,1.962401786,2.45212853,2.632825713,3.172045193,3.347553476
1994,0.845389459,1.003685163,1.390708291,1.53363839,1.940915044,2.432457322,2.611525643,3.146448034,3.331652987
1995,0.830620506,0.989095342,1.373900424,1.516752115,1.919499328,2.412607635,2.592285065,3.125141848,3.317866243
1996,0.822579954,0.980352288,1.359336212,1.499714484,1.900230775,2.392301068,2.570081732,3.102738842,3.305103263
1997,0.811878089,0.970795683,1.345295173,1.483751051,1.876963477,2.372421035,2.553753252,3.077876805,3.29461888
1998,0.806807772,0.955633661,1.332100551,1.46974378,1.856582175,2.352600706,2.533351344,3.055555481,3.284723631
1999,0.792755853,0.945348303,1.31732856,1.45252175,1.837179837,2.332251442,2.515584676,3.032866919,3.271328253
2000,0.785145267,0.933934732,1.30648589,1.439430239,1.819433861,2.310071819,2.498087694,3.008570811,3.254992842
2001,0.777203924,0.930026085,1.292576943,1.425992143,1.80080864,2.289002851,2.481739562,2.984009953,3.234761395
2002,0.769129489,0.918006031,1.281392032,1.414558224,1.784769115,2.265830333,2.465987037,2.963433394,3.227573975
2003,0.765933863,0.91394663,1.270499417,1.401512456,1.769319858,2.243922546,2.448357251,2.943054429,3.211278169
2004,0.75921549,0.908035502,1.262075297,1.389248571,1.753996979,2.224047819,2.432779376,2.924471634,3.194642336
2005,0.756752925,0.901158981,1.25209985,1.381865212,1.738248639,2.206655788,2.416596307,2.905754864,3.175992952
2006,0.750885587,0.896385814,1.241580049,1.370518717,1.724868184,2.186160461,2.401980389,2.887534942,3.156168565
2007,0.752229078,0.895320666,1.234286784,1.362187327,1.711234081,2.16864488,2.385623029,2.874364208,3.13733735
2008,0.746016419,0.891892684,1.226290882,1.352620517,1.700723066,2.153090366,2.370422026,2.859755423,3.124812623
2009,0.743952922,0.891245366,1.218163686,1.34298844,1.691061139,2.136843568,2.355222792,2.850531498,3.109961077
2010,0.742742217,0.89308692,1.212881993,1.337456675,1.682051425,2.124634454,2.343049871,2.837465615,3.095658342
2011,0.743204225,0.891367678,1.208014429,1.331621835,1.674889185,2.114089161,2.329948413,2.829955378,3.080613239
2012,0.748936111,0.893580326,1.203335257,1.326711458,1.669246635,2.099025621,2.317463061,2.826801861,3.066324543
2013,0.747096113,0.894457383,1.198947718,1.32315504,1.664786993,2.091840196,2.308987753,2.82248638,3.061993923
2014,0.760469725,0.900482773,1.197484372,1.321231208,1.664757484,2.084696192,2.30021478,2.818260216,3.050342786
2015,0.763473077,0.90481427,1.196766813,1.320335864,1.661152463,2.079535842,2.288698331,2.817042277,3.045584855
2016,0.76672513,0.908534674,1.196642497,1.320821855,1.662613158,2.078287314,2.283880178,2.816951612,3.034363787
2017,0.777422313,0.910327631,1.198906105,1.324203302,1.663886387,2.074913007,2.278301362,2.818497628,3.033916432
2018,0.784077932,0.913738768,1.199604347,1.325656685,1.665392,2.075805061,2.275411908,2.822303749,3.031155079
2019,0.786484434,0.920393689,1.204439966,1.331721128,1.671507432,2.079390435,2.274981959,2.823993328,3.0303706
2020,0.794241137,0.924708875,1.211263156,1.339278343,1.675579025,2.079913574,2.272293587,2.829213735,3.033244189
2021,0.798351252,0.932533003,1.217090583,1.345768864,1.683469417,2.084248009,2.277658793,2.836157202,3.044660361
2022,0.801724275,0.93778256,1.226146405,1.35350802,1.692186333,2.095049045,2.276213627,2.844421172,3.046130758
2023,0.807550395,0.945234419,1.233477241,1.364200779,1.704264539,2.102801375,2.284483266,2.852210552,3.060059965
2024,0.811946852,0.954117017,1.246245276,1.377649092,1.71902767,2.115443368,2.292302787,2.862367093,3.067752545
2025,0.820195317,0.96683312,1.260156947,1.388703395,1.731925008,2.128679539,2.302274568,2.870615075,3.081614732
2026,0.823121635,0.975344759,1.277263681,1.406412508,1.748196314,2.142434094,2.314081304,2.884433102,3.095955823
2027,0.83468207,0.989333912,1.292600301,1.422102918,1.76567432,2.159310429,2.328066131,2.895528812,3.103296559
2028,0.843608219,1.006146137,1.309299191,1.441741812,1.784618157,2.172988753,2.342805958,2.913902039,3.125371736
2029,0.851621755,1.020169303,1.329880866,1.459698641,1.804653862,2.193715728,2.361035089,2.929140821,3.143733429
2030,0.860376242,1.038838826,1.351349834,1.482002077,1.82681088,2.21506617,2.381724135,2.944984386,3.163476705
2031,0.874014251,1.058626604,1.374824895,1.507626345,1.852460282,2.236442326,2.40247386,2.958409649,3.186588196
2032,0.886364166,1.078775367,1.399668334,1.532075452,1.877598652,2.262257798,2.424919563,2.981171275,3.216303172
2033,0.899287254,1.099079868,1.425286651,1.557343275,1.904123857,2.286955389,2.451031144,3.004934118,3.23685188
2034,0.914373922,1.124413631,1.450908331,1.584006726,1.933321062,2.314423691,2.479089649,3.024680935,3.257508942
2035,0.929938,1.146136151,1.480263971,1.614810821,1.96617003,2.344871083,2.510039837,3.048303451,3.291769463
2036,0.949418473,1.169236677,1.511583815,1.642709084,1.999210303,2.37735281,2.542161375,3.076666697,3.310733204
2037,0.961959425,1.198568128,1.544247829,1.676268577,2.032055166,2.409183487,2.575168564,3.104514942,3.349266748
2038,0.98048542,1.223492613,1.576947692,1.710853796,2.068290626,2.443833214,2.610780467,3.133999868,3.380560107
2039,0.996692208,1.253131114,1.611814653,1.745038898,2.103237673,2.482349943,2.650569372,3.163039058,3.411474962
2040,1.030941992,1.28309612,1.648687459,1.781126706,2.142086045,2.520581191,2.686730916,3.197977218,3.452894232
2041,1.051158732,1.312289205,1.686852972,1.818804587,2.180102861,2.558346089,2.73147697,3.231101037,3.486379233
2042,1.083036858,1.343359308,1.723747114,1.858593256,2.220708135,2.602044074,2.771964678,3.267562986,3.540104312
2043,1.10809099,1.383091172,1.763654144,1.899019157,2.26253252,2.643780013,2.821207023,3.306241856,3.57587611
2044,1.13612806,1.419632111,1.806229445,1.942928131,2.30485707,2.689080147,2.864478854,3.345977381,3.63199795
2045,1.171782246,1.45766524,1.847581317,1.985922417,2.347567395,2.737561392,2.914163098,3.38625019,3.680803572
2046,1.205497212,1.492170393,1.891750588,2.030310517,2.392998683,2.784339402,2.961986782,3.430182527,3.739915531
2047,1.235598772,1.536356113,1.935928352,2.07667643,2.438189345,2.834105334,3.014141697,3.475090618,3.793269279
2048,1.279565365,1.571895822,1.981057165,2.124676904,2.483961923,2.881543169,3.065181709,3.52834821,3.849648011
2049,1.310937012,1.617770601,2.030486592,2.174736455,2.532185282,2.932056428,3.114970297,3.583656469,3.909491079
2050,1.363045898,1.659493656,2.077182032,2.220946015,2.58061375,2.98244173,3.16889222,3.642694558,3.967547511
2051,1.406931557,1.707230381,2.125555216,2.273379277,2.631616696,3.037591246,3.221431344,3.698121443,4.016652802
2052,1.449756557,1.749637505,2.17653107,2.322323977,2.685021053,3.089864838,3.278354508,3.762912297,4.068140142
2053,1.505673377,1.801878835,2.225443266,2.374899631,2.735778691,3.144625279,3.332460885,3.823289242,4.116831325
2054,1.547005105,1.846636916,2.277002739,2.424963835,2.795446879,3.19843962,3.387939257,3.893939549,4.16462516
2055,1.608812128,1.901575127,2.326643052,2.477847763,2.850360924,3.253408519,3.447381343,3.9566202,4.213234559
2056,1.656005773,1.952290074,2.378804632,2.529256508,2.906818607,3.309795749,3.509159709,4.021229092,4.256296348
2057,1.71001216,2.000373819,2.429941044,2.582204332,2.96623898,3.366845348,3.571527031,4.088778879,4.310115015
2058,1.76825299,2.051844838,2.477765693,2.634479896,3.025448579,3.426252934,3.634616885,4.147694578,4.363154746
2059,1.823075745,2.100730517,2.530000752,2.689104834,3.082499461,3.485449527,3.700085616,4.212670946,4.419317077
2060,1.883250906,2.155528429,2.583676356,2.745127974,3.144862183,3.549318083,3.763522502,4.272206462,4.479785722
2061,1.94256982,2.205120756,2.636550392,2.799235037,3.203629818,3.610346013,3.834634264,4.336449392,4.534495911
2062,2.005661747,2.26132317,2.687029678,2.854901477,3.26319289,3.678549287,3.902211243,4.399635884,4.600814972
2063,2.069737817,2.312837851,2.740594096,2.911046761,3.325059373,3.749331035,3.968048484,4.464794061,4.660390371
2064,2.13692519,2.36817865,2.792983328,2.967531854,3.385008345,3.814026349,4.040301642,4.533479775,4.729801097
2065,2.190596893,2.419875695,2.846519886,3.025642084,3.448265909,3.882163616,4.113747234,4.603004957,4.794050478
2066,2.257720531,2.47428901,2.900949215,3.080194515,3.510079702,3.955646927,4.179399237,4.6713223,4.863866499
2067,2.316688145,2.527653301,2.953543549,3.138111796,3.571410453,4.028900423,4.246482116,4.743114933,4.932103693
2068,2.376552061,2.578592361,3.008659754,3.195229967,3.637270999,4.101839385,4.313847102,4.816421507,4.996523597
2069,2.440829698,2.6302168,3.062187188,3.25313725,3.702935398,4.175897636,4.381474882,4.883375757,5.069797956
2070,2.495024096,2.677564496,3.116929694,3.306530563,3.767759726,4.248440298,4.448611418,4.955368938,5.140044861
2071,2.557158281,2.731548548,3.16898366,3.360900197,3.835625246,4.322775447,4.520973008,5.020099997,5.207573057
2072,2.615899621,2.778703948,3.22243621,3.412134368,3.90100424,4.394824552,4.586130267,5.087688067,5.280219737
2073,2.670465035,2.832118226,3.275714011,3.46431074,3.970222942,4.463320709,4.656056199,5.157496083,5.349673309
2074,2.721898518,2.883759587,3.329939779,3.515058391,4.040767151,4.53308801,4.727945742,5.221205759,5.423149718
2075,2.77657338,2.93130556,3.379777951,3.568538558,4.111356027,4.604511602,4.796417226,5.286864744,5.491743995
2076,2.821242532,2.984987909,3.430402614,3.620975032,4.179332301,4.674700528,4.868668051,5.352766142,5.562416106
2077,2.86564989,3.03793263,3.482973574,3.673009628,4.249917869,4.742442384,4.938118824,5.417937399,5.633534599
2078,2.914071988,3.08817515,3.534134674,3.726479867,4.318667732,4.811874084,5.007645123,5.483206328,5.709646576
2079,2.954305808,3.141615238,3.582320704,3.779530382,4.3878377,4.879131423,5.074278387,5.55036424,5.781657497
2080,2.99212287,3.196105866,3.632781322,3.830793386,4.452906009,4.948823888,5.143941344,5.618915376,5.853129721
2081,3.033881044,3.245890111,3.681081579,3.88268859,4.5167946,5.019059457,5.212317786,5.684453101,5.922329648
2082,3.060247767,3.294240888,3.727714728,3.932588839,4.58249292,5.085585444,5.274119504,5.754942254,5.994211027
2083,3.105050791,3.34189698,3.776439798,3.985395021,4.643262133,5.152916957,5.33821516,5.823919368,6.064253079
2084,3.141510449,3.385357618,3.824395359,4.039312721,4.705829181,5.216396839,5.404004773,5.892962741,6.139788261
2085,3.179154499,3.426344643,3.870901653,4.088887371,4.765787063,5.281316741,5.468982462,5.962163456,6.20461269
2086,3.216383428,3.466491051,3.921614718,4.141791724,4.823916066,5.343879033,5.532778936,6.026232398,6.283332669
2087,3.254126231,3.502860518,3.968954876,4.19626814,4.880818734,5.403725043,5.596392966,6.090870008,6.352394707
2088,3.296064734,3.543380125,4.017243596,4.248598164,4.932712017,5.465929047,5.66310926,6.160562856,6.422219873
2089,3.334230351,3.575999767,4.059822327,4.299119203,4.984917136,5.525947938,5.730206514,6.226504733,6.492622836
2090,3.378361433,3.608790761,4.107311091,4.355858593,5.035812961,5.588280915,5.796848636,6.295894807,6.561449171
2091,3.420700913,3.646896643,4.151302136,4.406910687,5.081928224,5.646983987,5.864479306,6.362735108,6.629848229
2092,3.455755339,3.680766089,4.195299407,4.45717993,5.13241274,5.707461094,5.9291774,6.42276446,6.699706006
2093,3.489113117,3.713818954,4.235803411,4.509122794,5.179612847,5.768949431,5.995023794,6.490763316,6.77063495
2094,3.525960283,3.746337065,4.276727418,4.554527838,5.227186179,5.830525984,6.054714544,6.554438887,6.825858076
2095,3.556978915,3.775593841,4.316140216,4.596579433,5.273624387,5.888159256,6.116120895,6.620052012,6.889538291
2096,3.58301588,3.808295628,4.355812082,4.638375504,5.318007882,5.945160493,6.172402415,6.684174276,6.954089981
2097,3.611664692,3.828270991,4.391059499,4.675777866,5.362654478,6.002316751,6.226819044,6.747609226,7.006737829
2098,3.649226515,3.855281001,4.424017299,4.709507296,5.408934237,6.057277925,6.283020721,6.808445843,7.0665432
2099,3.671575071,3.88114108,4.45427766,4.737950463,5.451894678,6.109976482,6.330268541,6.86633,7.123040442
2100,3.704347322,3.909925973,4.4849204,4.76911749,5.497246039,6.158833238,6.380009833,6.928885122,7.176606291
2101,3.728667592,3.928669738,4.510013325,4.792435804,5.541404439,6.209583531,6.428601513,6.982905773,7.228578567
2102,3.759371106,3.95007691,4.536030275,4.817385474,5.586441813,6.252958132,6.477463211,7.037714058,7.275874846
2103,3.782940671,3.971557916,4.56134806,4.837096177,5.629968429,6.299926153,6.522553711,7.088701375,7.32368707
2104,3.809901013,3.992571351,4.578326704,4.855834854,5.669377253,6.339074,6.565175437,7.13829522,7.374467574
2105,3.833062601,4.010368146,4.594370377,4.875680775,5.710330834,6.378444687,6.610853757,7.185845808,7.414538334
2106,3.856343117,4.026840767,4.610475072,4.890561642,5.750054279,6.416374567,6.651541805,7.233208438,7.460310601
2107,3.873866675,4.040193478,4.622467529,4.90546586,5.783706117,6.454650972,6.690999888,7.27228994,7.50817214
2108,3.889912517,4.058317697,4.627296032,4.918529703,5.817877378,6.490265852,6.729356025,7.315354859,7.553879263
2109,3.904046099,4.071323587,4.637639999,4.933040362,5.851032371,6.528482704,6.769905976,7.352964663,7.590250398
2110,3.922094291,4.087403662,4.644750145,4.948890956,5.880654051,6.556431733,6.80543072,7.389224462,7.634654171
2111,3.933759949,4.099643318,4.649813492,4.963183552,5.90883899,6.591399623,6.839775811,7.429065412,7.681311846
2112,3.944299701,4.114643121,4.653226397,4.977151257,5.935511595,6.618340827,6.874381563,7.461384524,7.720091334
2113,3.946715908,4.124021262,4.652530893,4.992260674,5.961091495,6.646046878,6.905406325,7.498861359,7.75310239
2114,3.948591714,4.124641973,4.66074541,5.00664181,5.982792779,6.672983695,6.934427244,7.535839259,7.796168474
2115,3.940547615,4.131158199,4.659666289,5.018819145,6.004199582,6.697506515,6.961718963,7.570054971,7.832455908
2116,3.929626074,4.138226915,4.66442956,5.031619403,6.019204271,6.720185515,6.988425902,7.60307072,7.868630677
2117,3.911640903,4.129658274,4.668190962,5.047846981,6.036277721,6.74188105,7.013914802,7.634608484,7.904236943
2118,3.889763055,4.128240459,4.678233393,5.05756612,6.050620994,6.760056201,7.03476833,7.668421936,7.94123263
2119,3.858595588,4.122055476,4.686965011,5.069155173,6.05713509,6.777758102,7.055435518,7.698501702,7.970542824
2120,3.834389995,4.122081923,4.696565803,5.084317356,6.06563095,6.792256394,7.075021131,7.721245022,8.006281893
2121,3.794216287,4.113550198,4.71010879,5.090267607,6.069096367,6.80798626,7.093485585,7.7447883,8.039720155
2122,3.756172339,4.101578611,4.722795734,5.103951706,6.068259398,6.82045384,7.106962091,7.76471915,8.062966124
2123,3.716011062,4.092977383,4.73644373,5.109805571,6.06389434,6.830758345,7.120610501,7.782561181,8.09024156
2124,3.659938622,4.080380161,4.746814428,5.122438511,6.062102448,6.841546768,7.131106689,7.797753773,8.11003758
2125,3.619188847,4.06261208,4.760511441,5.132707408,6.055219732,6.850703481,7.14455388,7.813713769,8.123549984
2126,3.567602406,4.049422346,4.773554704,5.140547763,6.047233136,6.859136316,7.152400214,7.824315732,8.142534941
2127,3.511162683,4.023443398,4.78280856,5.147233554,6.038262705,6.86259008,7.162925983,7.830013004,8.154433888
2128,3.460091254,4.003409282,4.789945727,5.149116165,6.029782272,6.871734772,7.166699069,7.835808325,8.161503154
2129,3.415348499,3.981214279,4.799068074,5.150160156,6.016860352,6.875014511,7.176174477,7.839246446,8.168260549
2130,3.357557482,3.953488426,4.802088025,5.148279741,6.004611461,6.878497876,7.179832938,7.840620117,8.171779493
2131,3.325993921,3.921972162,4.811182038,5.142786085,5.992265748,6.884167756,7.185999754,7.841514697,8.172169624
2132,3.273872075,3.89336931,4.818079607,5.135885845,5.977132325,6.883802513,7.186793678,7.838728539,8.165928458
2133,3.229279265,3.864628823,4.819142629,5.13180667,5.970872103,6.883528563,7.18926864,7.832407679,8.15887193
2134,3.181998828,3.840032965,4.818706696,5.119363805,5.955750633,6.881223705,7.187558996,7.825884642,8.152074574
2135,3.151869698,3.816448794,4.814488899,5.1097205,5.943934481,6.876242841,7.187506997,7.812131055,8.145686243
2136,3.11142786,3.787298058,4.808187029,5.092686265,5.929797261,6.868412346,7.179896813,7.810190067,8.12922269
2137,3.080691694,3.763463916,4.797174476,5.076918823,5.909843804,6.860990849,7.177068673,7.795765383,8.114209752
2138,3.056814007,3.740567713,4.786972157,5.058525186,5.88761701,6.852572142,7.166474834,7.783312605,8.093753204
2139,3.035838564,3.715690321,4.768860542,5.039189431,5.864960732,6.839099453,7.160834571,7.76750784,8.078777154
2140,3.007280304,3.691860837,4.746917427,5.015563331,5.837708484,6.829573184,7.147892276,7.753045931,8.06187066
2141,2.984236609,3.682546596,4.725566183,4.991675456,5.812140761,6.818770103,7.131294415,7.735736303,8.034466176
2142,2.968100748,3.657017766,4.703557103,4.967496352,5.781287774,6.807255958,7.116040064,7.717892313,8.014536581
2143,2.954923622,3.638933612,4.674731023,4.938132268,5.752469024,6.792995138,7.098670513,7.699688627,7.987496663
2144,2.929903374,3.63091929,4.650371111,4.909907795,5.722513436,6.776907792,7.08458355,7.679674688,7.965192479
2145,2.923117498,3.613521977,4.620849346,4.877348629,5.69422467,6.756845825,7.065875491,7.660800402,7.942142326
2146,2.906396499,3.604003263,4.591946155,4.853375306,5.667504015,6.734453954,7.046309775,7.640580907,7.914304059
2147,2.879769484,3.592309213,4.558088778,4.824599034,5.640417251,6.705396953,7.025463552,7.627310803,7.890374473
2148,2.876039206,3.585596229,4.525276019,4.795788944,5.608653789,6.678885022,7.001762883,7.610557805,7.877331722
2149,2.853247724,3.573003979,4.492474958,4.765345934,5.5807521,6.640523459,6.974545161,7.59227518,7.852970512
2150,2.84390716,3.569224369,4.457287177,4.739752076,5.550587806,6.605908137,6.944485632,7.583735387,7.836847509
2151,2.839545861,3.556546677,4.422262271,4.710073675,5.525103343,6.572452654,6.912935823,7.573507089,7.832765313
2152,2.812964055,3.552530664,4.385315938,4.679810418,5.498226147,6.531660463,6.877937756,7.561984584,7.834597333
2153,2.809268847,3.535851957,4.349489913,4.651296181,5.466519939,6.492272905,6.843996142,7.543728299,7.831759208
2154,2.794267664,3.521848463,4.312148296,4.617414121,5.438401893,6.449682716,6.806179456,7.526369298,7.832375068
2155,2.779757296,3.501342474,4.275226916,4.583481935,5.408309455,6.408137963,6.763525612,7.504356005,7.830715807
2156,2.772607788,3.485510199,4.242060764,4.550776591,5.380024961,6.366425873,6.728259589,7.483985474,7.824966654
2157,2.776757759,3.466523191,4.201911059,4.516027722,5.348536306,6.325224555,6.686413821,7.461294574,7.820863545
2158,2.77510683,3.442028727,4.1694974,4.479350796,5.314344434,6.284355751,6.644232644,7.434253744,7.809825438
2159,2.782691996,3.421211489,4.138358683,4.445197223,5.279771917,6.24200752,6.605213857,7.403932609,7.790531554
2160,2.787088737,3.404707598,4.103476219,4.408863963,5.243730709,6.202485503,6.561130087,7.374431227,7.767041985
2161,2.794389334,3.381277081,4.069314332,4.37550011,5.209363071,6.15745647,6.52083726,7.345506036,7.76149915
2162,2.806805517,3.353169954,4.037406617,4.338085444,5.175718823,6.117451222,6.487291042,7.315867496,7.731378621
2163,2.831223081,3.329497121,4.001110484,4.301179364,5.147742328,6.074267237,6.449251746,7.283485505,7.712865622
2164,2.841314945,3.302582668,3.963762076,4.265123373,5.118673505,6.03285844,6.410655272,7.250619866,7.69181736
2165,2.864519436,3.277439206,3.933555382,4.230954242,5.09058351,5.993782524,6.370620784,7.218722951,7.667599829
2166,2.882403138,3.251352119,3.900336796,4.191553143,5.060863918,5.95696989,6.334600362,7.171845675,7.644544583
2167,2.894715952,3.221856354,3.870899314,4.153084686,5.032445134,5.919605047,6.296526302,7.136218712,7.605658073
2168,2.904646147,3.21281996,3.842605797,4.115533838,5.007362711,5.88670493,6.255984378,7.090601569,7.569102323
2169,2.921135281,3.19591913,3.810925926,4.081542444,4.97927987,5.856810522,6.21110117,7.038120159,7.522604083
2170,2.926338114,3.179836154,3.785135594,4.047811031,4.951145697,5.825131472,6.171569454,6.997776851,7.490908632
2171,2.93106653,3.173452112,3.751318612,4.017139626,4.91984118,5.792478309,6.134878589,6.947675473,7.45774478
2172,2.929953221,3.168116665,3.726682709,3.985304255,4.887452871,5.764252215,6.095022894,6.905563525,7.423126972
2173,2.923961503,3.156898643,3.696322798,3.952422618,4.849822681,5.7322302,6.055785941,6.852879983,7.392948518
2174,2.928814831,3.150106722,3.672983989,3.919547097,4.814550829,5.701878759,6.022144269,6.819025154,7.373324223
2175,2.914399401,3.136811263,3.649227244,3.89086472,4.775631611,5.668026972,5.987766687,6.768903072,7.347525522
2176,2.904661684,3.12328568,3.629860987,3.866178594,4.738327573,5.636267422,5.955884427,6.721933422,7.342918674
2177,2.891842279,3.112456077,3.609173861,3.84186339,4.700135824,5.602311398,5.921002578,6.678067629,7.313784656
2178,2.871060921,3.090917621,3.587569163,3.822569854,4.665620961,5.565985357,5.888510442,6.639171838,7.301842132
2179,2.852167635,3.071590142,3.565849813,3.803411618,4.629432107,5.531737817,5.853154988,6.594890756,7.288232445
2180,2.826943066,3.051966683,3.5444707,3.785167156,4.592618063,5.494149517,5.822517756,6.562384962,7.277987247
2181,2.810551611,3.024092388,3.523130408,3.76405696,4.55610935,5.458019783,5.786753999,6.532703774,7.263310795
2182,2.791702319,3.002611927,3.499024997,3.744922076,4.525458147,5.423804714,5.75507879,6.505840485,7.25275226
2183,2.764933916,2.976738806,3.473371152,3.721522448,4.500807288,5.389530794,5.719883706,6.493679689,7.241381914
2184,2.736077373,2.951952887,3.448535768,3.699301009,4.4822039,5.360366815,5.683562011,6.472687996,7.22745264
2185,2.706962346,2.924802616,3.422009759,3.672501688,4.459038019,5.324175487,5.647104288,6.459718944,7.215074767
2186,2.684246209,2.899909867,3.39662453,3.645964601,4.438776779,5.293954301,5.613824281,6.449107349,7.201331074
2187,2.649853439,2.871801252,3.365841381,3.620731023,4.42399453,5.26267913,5.582775419,6.431995097,7.188168006
2188,2.625443565,2.841997115,3.339724923,3.594966987,4.404078721,5.23315493,5.557266332,6.432797493,7.192164642
2189,2.59197946,2.811739626,3.314220137,3.569784836,4.387337104,5.209727197,5.532901973,6.429752108,7.162565159
2190,2.560090301,2.787741169,3.28991639,3.547458893,4.369974344,5.191274772,5.512619084,6.430645673,7.147410133
2191,2.531624679,2.751242949,3.259098466,3.524466053,4.353101345,5.177417357,5.49692139,6.426896872,7.131973098
2192,2.502295904,2.724734575,3.235546462,3.502459162,4.334144928,5.155335073,5.487735048,6.433069986,7.117442475
2193,2.469867983,2.691492458,3.208295227,3.482602639,4.313466336,5.142292333,5.480395431,6.43057679,7.097922664
2194,2.44062437,2.661034811,3.179895849,3.462645224,4.290972088,5.127616846,5.472637852,6.442113782,7.076676546
2195,2.412170385,2.625154662,3.154398908,3.443763327,4.266135008,5.112904626,5.463556454,6.454411297,7.045982152
2196,2.381904752,2.597734472,3.129867223,3.421790193,4.245034966,5.098700193,5.459741896,6.469025345,7.025523393
2197,2.350595234,2.567798123,3.109219987,3.401984178,4.223096975,5.08561507,5.455563507,6.483103151,6.997996712
2198,2.323033975,2.543189785,3.086435421,3.377385101,4.203253458,5.080973959,5.45106142,6.508373704,6.964412128
2199,2.291351311,2.514310851,3.068961875,3.361736328,4.184905361,5.070139304,5.451934136,6.527153928,6.936378033
2200,2.261356621,2.487690166,3.046721367,3.337465791,4.16738483,5.063633,5.453835204,6.554290519,6.915023658
2201,2.235544121,2.464076984,3.024652235,3.316909449,4.151079143,5.054156815,5.461004158,6.57496211,6.904592173
2202,2.210415843,2.438001681,3.008351868,3.294041294,4.13333023,5.050154228,5.473523362,6.586004565,6.890553556
2203,2.180689727,2.413368564,2.98759362,3.277325162,4.121053123,5.043348119,5.485334,6.600117008,6.90138382
2204,2.154546718,2.390539769,2.970025534,3.259939889,4.10708774,5.036698706,5.505733264,6.613895085,6.908958621
2205,2.135542353,2.370860111,2.952281896,3.243811895,4.096483623,5.03618239,5.524823007,6.624701834,6.932467388
2206,2.112455018,2.345865219,2.94000718,3.227701053,4.084872093,5.030304172,5.53992363,6.634759465,6.954558017
2207,2.08407925,2.320154707,2.92897173,3.214986385,4.075559566,5.02853638,5.551509266,6.646890274,6.980874026
2208,2.063850642,2.294917109,2.917066951,3.198573552,4.06999645,5.032543054,5.569491158,6.652954728,7.00330739
2209,2.044600221,2.275889389,2.904807428,3.191241932,4.062162953,5.031721176,5.575644037,6.662652531,7.041352646
2210,2.013861227,2.247067211,2.894920644,3.181656314,4.056196274,5.038850733,5.590169879,6.685518978,7.072122785
2211,1.993295107,2.225654226,2.887966121,3.171778483,4.053734294,5.042778956,5.598156705,6.706386645,7.106213127
2212,1.97020969,2.210048703,2.878336477,3.161053555,4.04955824,5.048967645,5.607766114,6.734761071,7.139766729
2213,1.950098003,2.197988288,2.869794272,3.154648471,4.048558707,5.058724665,5.616300377,6.759890971,7.171511629
2214,1.928556737,2.184827995,2.863379545,3.153694859,4.044195631,5.061717787,5.6209804,6.78887421,7.202166091
2215,1.911221326,2.173006361,2.852172072,3.147783175,4.043889019,5.064963819,5.627127068,6.818176259,7.23289948
2216,1.900239899,2.169620452,2.84757047,3.145398694,4.0429973,5.068214159,5.637821318,6.851353171,7.280963321
2217,1.890745813,2.166393178,2.844792937,3.146872265,4.041801477,5.074198784,5.645594047,6.887369579,7.327291857
2218,1.888517523,2.157018871,2.839872525,3.14408974,4.041987434,5.075654983,5.653075423,6.92111321,7.385138389
2219,1.885234743,2.152951966,2.837437712,3.143873638,4.040769692,5.078662005,5.658299535,6.958521688,7.444817632
2220,1.878045213,2.145614541,2.83644015,3.143307238,4.042556005,5.08249824,5.661176954,6.989535951,7.510007286
2221,1.876385744,2.136416114,2.83473348,3.146244337,4.046598428,5.090555323,5.669245801,7.025658123,7.582056272
2222,1.872681127,2.131443335,2.83383032,3.149730624,4.049134661,5.089079831,5.680313571,7.058104414,7.662455955
2223,1.855885067,2.125715523,2.834844558,3.155691833,4.057367207,5.096533099,5.69223731,7.102221404,7.734903581
2224,1.840219284,2.123619907,2.83611875,3.160070633,4.060410045,5.104904543,5.699552591,7.130507698,7.810076534
2225,1.833270905,2.118955468,2.840684047,3.161788003,4.068007561,5.115625826,5.710718377,7.176373306,7.882320958
2226,1.815791039,2.114390955,2.844026256,3.165016167,4.077351445,5.126154541,5.72156351,7.21631329,7.946261644
2227,1.803184459,2.113076726,2.852271687,3.172605289,4.088611537,5.146861948,5.733298871,7.260122741,8.015321302
2228,1.775826835,2.104864145,2.857072449,3.178626644,4.102304211,5.166005639,5.744867906,7.311983243,8.083255531
2229,1.764321332,2.10377734,2.864746233,3.183107255,4.118763957,5.188663476,5.761234692,7.351746556,8.152651677
2230,1.746130026,2.102774441,2.86910826,3.192104221,4.135462935,5.215209094,5.772262169,7.396481395,8.205635825
2231,1.729782797,2.100522985,2.875248762,3.200691611,4.150960263,5.243502984,5.783274349,7.449256431,8.266011972
2232,1.711261004,2.096057669,2.88376296,3.21191235,4.166227494,5.263281602,5.796724838,7.490287774,8.307084138
2233,1.702366226,2.09909494,2.892663161,3.218563391,4.182119933,5.29562769,5.811205141,7.544875921,8.360137733
2234,1.687984611,2.099651467,2.902088065,3.230737197,4.199724125,5.319981664,5.830310021,7.587421224,8.408312544
2235,1.684599885,2.101503467,2.914423,3.24411754,4.217268321,5.350695672,5.839828706,7.629109585,8.458449965
2236,1.672921357,2.101788952,2.927013757,3.253796585,4.234474194,5.37898396,5.859050728,7.678405359,8.491865794
2237,1.680767967,2.102909684,2.938283396,3.268255841,4.256521956,5.406832858,5.871532877,7.717785806,8.522380382
2238,1.671153175,2.104718971,2.948330109,3.280837985,4.276378503,5.432025626,5.896863793,7.758526401,8.54534286
2239,1.6710745,2.112264868,2.962356848,3.292776421,4.296223026,5.458404333,5.91310583,7.802573945,8.570675446
2240,1.666490615,2.110753739,2.973207013,3.312415543,4.320787622,5.486692434,5.936333288,7.84263527,8.589966958
2241,1.663468406,2.120519533,2.983367817,3.329831063,4.338638576,5.504593403,5.958845687,7.871724703,8.616174856
2242,1.66013449,2.115686916,2.990394679,3.349441678,4.361766565,5.532438774,5.978898267,7.899308221,8.62533729
2243,1.661429365,2.121897049,2.997366573,3.365008209,4.382026247,5.557434654,5.999877576,7.921770619,8.629354863
2244,1.659034476,2.121500849,3.004126614,3.384994189,4.410563819,5.57847923,6.025404047,7.931880184,8.631741816
2245,1.652027213,2.116758751,3.006313281,3.403978074,4.433744006,5.60260559,6.053785708,7.944126663,8.629493981
2246,1.664976143,2.118756693,3.008722573,3.432152301,4.457902546,5.627452136,6.080639355,7.955087869,8.628167731
2247,1.672797431,2.119677232,3.012677518,3.452301372,4.487656731,5.655834683,6.111833597,7.957526006,8.620865389
2248,1.671193706,2.115419472,3.020613433,3.47469966,4.515372601,5.684347896,6.154967784,7.959789164,8.612813199
2249,1.677522382,2.112167728,3.025516686,3.49744766,4.542531692,5.707398996,6.190700592,7.95862431,8.609124552
2250,1.67769609,2.113686465,3.031437141,3.519422147,4.572397315,5.737237023,6.228308072,7.947013214,8.595655109
2251,1.680670769,2.113749796,3.049348646,3.54362027,4.605128605,5.768346309,6.270768836,7.936957334,8.579727423
2252,1.684124632,2.112264235,3.057619943,3.569059426,4.634452933,5.803765879,6.312733797,7.92234663,8.566508438
2253,1.690407324,2.111516943,3.067437999,3.590090443,4.672027454,5.836400072,6.353793811,7.902973418,8.552708228
2254,1.686434481,2.102146717,3.078654625,3.617077575,4.702372239,5.869630829,6.389884557,7.886404014,8.525137918
2255,1.687598942,2.100430781,3.094024097,3.639056323,4.726872511,5.906461412,6.434877947,7.861708113,8.516556921
2256,1.684477244,2.091373538,3.100664291,3.665288718,4.75967936,5.947210026,6.477691117,7.842722394,8.499002345
2257,1.687523838,2.086818544,3.12043884,3.697651952,4.788813917,5.983991051,6.5148514,7.829470372,8.476962748
2258,1.673531249,2.088009144,3.132607418,3.718040225,4.813253987,6.021900197,6.56363625,7.811234406,8.469370834
2259,1.668867682,2.076397023,3.153689131,3.743387008,4.839246408,6.055744166,6.595378431,7.79965508,8.452530669
2260,1.650760887,2.06833902,3.172062159,3.769458912,4.864881652,6.091304314,6.633890641,7.791834322,8.440764341
2261,1.623321147,2.069994547,3.192643014,3.78532911,4.890643354,6.13381716,6.669432596,7.781886677,8.418294841
2262,1.605541009,2.055494994,3.213285002,3.80842731,4.916330655,6.174384954,6.699634979,7.795268994,8.41377808
2263,1.578336749,2.048535072,3.24083971,3.824681381,4.940546724,6.208221957,6.724983553,7.798664707,8.393764244
2264,1.546157492,2.039150174,3.265047503,3.844103149,4.961354758,6.244092752,6.749974419,7.81023369,8.37441035
2265,1.526312557,2.025691437,3.288905658,3.857352189,4.99276443,6.280968331,6.769840631,7.828034459,8.358872555
2266,1.495105202,2.016005767,3.306279101,3.870136295,5.018989213,6.313274745,6.785729075,7.844507958,8.358783553
2267,1.463014683,2.005441345,3.33072637,3.880857427,5.046776113,6.337299082,6.802945614,7.86017528,8.352266615
2268,1.425851451,1.996968284,3.340120112,3.888458777,5.0762055,6.362593516,6.821988405,7.872795924,8.33291014
2269,1.406603175,1.979300217,3.364579722,3.900430441,5.101864136,6.385887349,6.839910988,7.893860236,8.331178243
2270,1.368355745,1.963148411,3.383568413,3.906613266,5.133305798,6.410671261,6.862051532,7.911667372,8.322744657
2271,1.340395799,1.955799063,3.396073836,3.915807995,5.161798371,6.434564786,6.883567474,7.928361494,8.311124263
2272,1.313152597,1.938101185,3.404648796,3.925263257,5.188594509,6.45731193,6.908971626,7.94352346,8.307713095
2273,1.296912564,1.92942271,3.407865051,3.935983126,5.213543279,6.488591774,6.9266799,7.962037064,8.309312416
2274,1.265362978,1.908359292,3.415198047,3.944094406,5.236374119,6.514251362,6.951734907,7.972538606,8.306783419
2275,1.233518549,1.900467008,3.409599218,3.952936698,5.251764638,6.545171038,6.970173135,7.98739501,8.310164571
2276,1.210010302,1.880934517,3.403794798,3.960763409,5.266333808,6.565065961,6.993871616,8.005158267,8.32605255
2277,1.179904671,1.866580668,3.405895082,3.970112459,5.28215228,6.593741685,7.012308697,8.01758718,8.3422551
2278,1.16988219,1.849831593,3.402456276,3.974789319,5.294788559,6.619150675,7.031323381,8.022774065,8.368690479
2279,1.131152288,1.824132121,3.391752452,3.984719846,5.308430563,6.640455795,7.049240536,8.037657039,8.404402846
2280,1.112332977,1.803082127,3.390319119,3.993284643,5.325631289,6.664249131,7.066678712,8.04604715,8.450958258
2281,1.082029851,1.792790056,3.38847588,3.994478388,5.345944046,6.684452916,7.082671849,8.061891168,8.472983017
2282,1.064224754,1.768427017,3.383028364,4.000796412,5.368596977,6.700868129,7.102035944,8.080885325,8.512201741
2283,1.036060691,1.755337306,3.375103156,4.004650508,5.385440729,6.717484514,7.114063988,8.091725719,8.540218441
2284,1.003015451,1.736549876,3.369584533,3.999624705,5.413252486,6.733343165,7.125071651,8.10767571,8.580312785
2285,0.983760327,1.717230858,3.368201058,3.995887466,5.430669151,6.747018287,7.134943091,8.117950438,8.611772929
2286,0.970723082,1.693626163,3.366271664,3.987173414,5.452968075,6.757353993,7.140347825,8.13293176,8.640801612
2287,0.953724636,1.684483903,3.360333848,3.97487823,5.476571216,6.766888116,7.145676992,8.140380189,8.668746662
2288,0.930588142,1.672025702,3.35415998,3.962633912,5.496481943,6.774693954,7.152499475,8.147309098,8.690676283
2289,0.919658101,1.650202665,3.344578806,3.947925689,5.517846637,6.782892052,7.163031538,8.156700529,8.721126022
2290,0.890852428,1.628958639,3.334957891,3.94068601,5.538193486,6.783286925,7.165754694,8.165009768,8.752232998
2291,0.876007516,1.619884469,3.314919642,3.928879308,5.554481191,6.788324362,7.181647883,8.173642096,8.768103311
2292,0.869465726,1.605700796,3.296610445,3.921833814,5.57043365,6.79086732,7.189320478,8.170389501,8.791701888
2293,0.856485721,1.590953033,3.282353918,3.915106573,5.588371855,6.795017431,7.19989347,8.179831498,8.810278441
2294,0.842950902,1.56616925,3.268207479,3.907447883,5.602820845,6.797318576,7.216608741,8.18609464,8.835638728
2295,0.823514225,1.544157932,3.254648443,3.901055181,5.611079898,6.804048475,7.229680266,8.188819544,8.86394545
2296,0.818239674,1.527944975,3.248065945,3.895882705,5.622761181,6.810112794,7.239385761,8.187470925,8.876982595
2297,0.803897403,1.500873361,3.243962879,3.885445566,5.623761706,6.811933118,7.247379152,8.19976191,8.895712097
2298,0.78862262,1.477524981,3.241428984,3.871491444,5.621668308,6.815340746,7.255468509,8.206772007,8.916323882
2299,0.782429294,1.448075812,3.233365394,3.864766579,5.620457911,6.819263764,7.259478231,8.209087932,8.924696074
2300,0.775343461,1.42867878,3.230323709,3.854055836,5.615138189,6.816968737,7.262698094,8.217748997,8.93572979
2301,0.772601414,1.39655749,3.230102185,3.84240654,5.60275533,6.812178289,7.263787167,8.221240954,8.940019861
2302,0.762075576,1.371519187,3.222582668,3.83503249,5.593759702,6.808165696,7.260179479,8.228950497,8.942462837
2303,0.74152081,1.350088418,3.218540589,3.821090383,5.588529385,6.805103599,7.256717577,8.229904281,8.960052386
2304,0.734053642,1.318856983,3.210533127,3.805429241,5.578644014,6.797778351,7.250087362,8.242403254,8.961615198
2305,0.725716046,1.294016956,3.202838766,3.796185877,5.572374745,6.790559368,7.242402384,8.253179738,8.964077648
2306,0.715009618,1.273615813,3.193312705,3.781151054,5.562722438,6.783416169,7.229174867,8.25410441,8.973599166
2307,0.706397299,1.249112965,3.189480118,3.768819929,5.552043345,6.773511701,7.216100537,8.258204729,8.984182977
2308,0.704185127,1.227695513,3.180782838,3.755542792,5.545868825,6.761303045,7.20322234,8.268053151,8.992118052
2309,0.69197979,1.197684145,3.170892959,3.736626306,5.5322065,6.747509541,7.183352852,8.277981717,9.001538472
2310,0.673346733,1.180984201,3.162265275,3.724402898,5.514629109,6.731915177,7.168518669,8.289075756,9.002071159
2311,0.671402082,1.154336591,3.148476781,3.705880548,5.496496159,6.71439943,7.148996819,8.296955301,9.011514809
2312,0.664967664,1.129894277,3.139664822,3.687777975,5.47892018,6.696171055,7.129445973,8.304213655,9.012954891
2313,0.659994997,1.107665315,3.125957263,3.669308015,5.45357862,6.676679975,7.103550989,8.307001018,9.000116514
2314,0.643621732,1.082628745,3.110343301,3.643902774,5.428970432,6.652224659,7.082129384,8.308412312,9.00765289
2315,0.631301774,1.061645617,3.092572717,3.620584123,5.399202254,6.627758063,7.057450811,8.308580425,8.997362495
2316,0.623299528,1.044291456,3.077477043,3.599730515,5.367469591,6.603726753,7.033931734,8.317705114,8.983310386
2317,0.615599901,1.019233504,3.059269274,3.574062831,5.338582194,6.579618249,7.002875313,8.322040282,8.970451726
2318,0.601801369,1.001470441,3.036491897,3.549769904,5.307988332,6.551039755,6.976042772,8.316743741,8.962322291
2319,0.587921386,0.99133779,3.014032404,3.531935089,5.268744798,6.52392321,6.947621987,8.308510396,8.945413379
2320,0.578435044,0.971436604,2.992822949,3.509705961,5.235010929,6.49127865,6.922699208,8.303177709,8.94124187
2321,0.565956634,0.959742754,2.964342934,3.489422252,5.201486286,6.457075045,6.890438035,8.291964286,8.922712902
2322,0.550297083,0.93966851,2.937082519,3.471105668,5.160339486,6.423211928,6.857849619,8.283689292,8.904649977
2323,0.536757793,0.934669572,2.90844324,3.451854217,5.12079785,6.387973226,6.83263089,8.277644499,8.881580163
2324,0.525567288,0.916521957,2.877393257,3.43678802,5.082806334,6.352316971,6.802386957,8.261054805,8.870963618
2325,0.509553037,0.913933152,2.841400269,3.419034114,5.044758401,6.312568106,6.770110882,8.241442534,8.854626366
2326,0.496277464,0.903807888,2.807592952,3.40918397,4.999844451,6.270726711,6.735520179,8.209679487,8.817498957
2327,0.48056357,0.900432835,2.762810113,3.400610062,4.960382526,6.228378788,6.70415671,8.183968672,8.807558671
2328,0.467346716,0.903000387,2.717623976,3.385479075,4.917816241,6.185992936,6.667627848,8.15225306,8.766883643
2329,0.450746792,0.889356812,2.682391239,3.373618742,4.873005507,6.140228178,6.637058921,8.115201864,8.732317922
2330,0.438090422,0.890713668,2.637103789,3.3621083,4.830726346,6.092890917,6.60205314,8.08858563,8.698835296
2331,0.430696127,0.887840421,2.593177334,3.352187736,4.7836509,6.044795431,6.564229673,8.040979995,8.667102195
2332,0.417058458,0.879306942,2.549314049,3.335159716,4.740367912,6.000167911,6.527230503,7.99169465,8.635154602
2333,0.409186657,0.881910347,2.503640937,3.316644828,4.691913216,5.945294402,6.488747728,7.948221882,8.595513749
2334,0.400620386,0.865473844,2.465428755,3.292487289,4.644355006,5.893630526,6.444343441,7.886980344,8.552492179
2335,0.387350384,0.857260502,2.425934869,3.263578681,4.598384629,5.840832757,6.402977905,7.847818897,8.511298841
2336,0.378101297,0.84878702,2.382806822,3.239022675,4.553806865,5.788046125,6.352777307,7.783412372,8.468951941
2337,0.361143034,0.836997916,2.340088685,3.207092421,4.506184236,5.732013481,6.306955211,7.716879117,8.411672288
2338,0.35151128,0.826206399,2.298937124,3.171481787,4.460199447,5.679272078,6.256656652,7.66492602,8.371217371
2339,0.338548231,0.808162564,2.260843048,3.13087927,4.40959901,5.623586297,6.199542746,7.594932898,8.311674091
2340,0.319483276,0.795562598,2.227812986,3.092907749,4.361254476,5.569208605,6.145855627,7.539374146,8.26022611
2341,0.308373719,0.772251708,2.178998623,3.045258016,4.309504275,5.5106411,6.085934411,7.470156759,8.195709529
2342,0.287581736,0.753988049,2.132822056,3.003332814,4.261080373,5.456321493,6.021243061,7.40830013,8.137322959
2343,0.263242439,0.736418466,2.092389154,2.950663271,4.214961039,5.398950687,5.958960902,7.347816231,8.06888155
2344,0.236733897,0.71400891,2.051120004,2.906375484,4.164992516,5.340883992,5.894338498,7.283998166,7.99708884
2345,0.215472811,0.691860134,2.00520323,2.860038248,4.117508043,5.282888754,5.825563648,7.215887776,7.945220329
2346,0.181017604,0.665763638,1.960772568,2.810867604,4.069489172,5.221491354,5.754397131,7.153750691,7.870165184
2347,0.150891535,0.6439754,1.915962435,2.755031279,4.020314019,5.162120785,5.687937606,7.087038817,7.782951105
2348,0.106449527,0.618501202,1.869171429,2.702853583,3.970122673,5.097802426,5.620407404,7.023517832,7.719699183
2349,0.070782276,0.592890548,1.819329099,2.641121248,3.922036107,5.034561331,5.558049642,6.956130201,7.634232179
2350,0.046638466,0.56394639,1.774868592,2.578741257,3.868843139,4.969576242,5.48985575,6.886786461,7.551581393
2351,0.007636337,0.534266592,1.728484341,2.522475473,3.816923387,4.901362975,5.423674068,6.817097476,7.4634101
2352,-0.038578561,0.507783163,1.682473736,2.464676506,3.761806732,4.834706893,5.351779114,6.739359734,7.363858443
2353,-0.072699923,0.47233109,1.645380285,2.405899061,3.706357564,4.774419301,5.283778659,6.665263952,7.275387056
2354,-0.11523436,0.440539651,1.605112572,2.350307219,3.651190367,4.705287082,5.217616228,6.575946899,7.185286945
2355,-0.160691785,0.408956161,1.574241639,2.290661342,3.593931958,4.644488761,5.145730933,6.501777232,7.101195227
2356,-0.196884975,0.367225067,1.537590581,2.234764713,3.539082263,4.573972295,5.081265073,6.414645945,6.982151615
2357,-0.244496526,0.322380762,1.505889299,2.177748947,3.479782014,4.511713934,5.008880529,6.329572541,6.880239459
2358,-0.29443105,0.280600917,1.472659577,2.116369829,3.419077318,4.446329107,4.936412845,6.234908791,6.785964549
2359,-0.3301783,0.236938723,1.440779225,2.064612332,3.363085156,4.382368536,4.867775347,6.148838037,6.683274774
2360,-0.377321011,0.182041273,1.406611853,2.011315652,3.303490228,4.322182474,4.795036426,6.055110207,6.578549973
2361,-0.435595343,0.12738675,1.372830308,1.957131521,3.243607069,4.257036103,4.721685554,5.956389422,6.471283644
2362,-0.485314637,0.073773768,1.341556003,1.902695843,3.186446132,4.199296211,4.644889751,5.858080535,6.358701258
2363,-0.53418177,0.013550546,1.312262649,1.843637122,3.123808273,4.134616907,4.569511983,5.756393252,6.257011267
2364,-0.593234196,-0.039176133,1.277999644,1.78937276,3.062007516,4.071013839,4.493445862,5.655570294,6.145804249
2365,-0.64651645,-0.100790285,1.244622815,1.735602009,3.002506327,4.012572614,4.416698909,5.551553026,6.037068578
2366,-0.701579743,-0.163947964,1.212655817,1.682423487,2.931408288,3.946999203,4.346897676,5.45558857,5.939644035
2367,-0.752820414,-0.225368391,1.177159458,1.631761216,2.868733872,3.884883387,4.265855543,5.358091477,5.833786875
2368,-0.809162094,-0.284516356,1.137500618,1.577655435,2.802433623,3.819118064,4.192957264,5.253337676,5.739276156
2369,-0.866955741,-0.349697317,1.098015522,1.527555135,2.736065176,3.753963732,4.1191319,5.150965814,5.631310864
2370,-0.920549735,-0.410793719,1.053491484,1.478967749,2.674541625,3.684040082,4.045815857,5.054985458,5.52928547
2371,-0.980262135,-0.470380268,1.010317949,1.429468063,2.603201491,3.616195473,3.975560426,4.9605532,5.422446524
2372,-1.033472862,-0.526082791,0.959061944,1.386606107,2.533579509,3.545383193,3.900041503,4.864558973,5.330200091
2373,-1.087018191,-0.589779822,0.914190463,1.333844313,2.470101327,3.47859341,3.83433944,4.774874904,5.223634523
2374,-1.139287648,-0.644109674,0.858820138,1.284599123,2.401995531,3.405974743,3.765116968,4.68214382,5.125356918
2375,-1.18669944,-0.702540186,0.802287432,1.23828426,2.332509259,3.33981305,3.698257289,4.595324798,5.026619896
2376,-1.245512654,-0.751260799,0.740956683,1.187527598,2.269922373,3.266751989,3.627618145,4.510783006,4.936143598
2377,-1.297275179,-0.812811188,0.682000339,1.137101904,2.200332776,3.19428449,3.559526854,4.421034643,4.838959037
2378,-1.344257982,-0.85590409,0.611322187,1.090608992,2.134330558,3.129507221,3.488746846,4.338344953,4.745069407
2379,-1.399058978,-0.907433987,0.549924421,1.045520271,2.070183042,3.062970473,3.421619415,4.25160652,4.654529224
2380,-1.442283003,-0.955019876,0.482251132,0.996589136,2.007107596,2.989594893,3.356961516,4.172893202,4.550414847
2381,-1.482203252,-1.003965967,0.412388675,0.951328617,1.945642177,2.927105594,3.294315316,4.098307855,4.459490161
2382,-1.531215017,-1.045401765,0.34910583,0.898163437,1.883118908,2.856832129,3.22466489,4.017958721,4.376239816
2383,-1.576660168,-1.085327107,0.279618194,0.843781666,1.824760575,2.787435328,3.159892078,3.943051954,4.282095147
2384,-1.617357119,-1.133410174,0.213992274,0.789243516,1.766087729,2.714580611,3.094221003,3.872927273,4.200714937
2385,-1.659758486,-1.174290454,0.149608059,0.733490259,1.705072561,2.645178204,3.033099985,3.802759881,4.114272096
2386,-1.700204173,-1.216972711,0.083197807,0.672153823,1.646894881,2.570808301,2.969452495,3.732766219,4.027554776
2387,-1.745128702,-1.258097675,0.015169088,0.608529896,1.586410809,2.496178396,2.907919071,3.661121637,3.96277063
2388,-1.783124277,-1.307501584,-0.053473364,0.547071651,1.527371421,2.425813461,2.844592062,3.599051162,3.886418916
2389,-1.823217422,-1.350118104,-0.113292245,0.484034659,1.469598893,2.358715598,2.782661278,3.534739568,3.812237503
2390,-1.861103579,-1.39805283,-0.188596815,0.416916758,1.407977596,2.288441242,2.728202566,3.473391474,3.747269461
2391,-1.894053437,-1.448757725,-0.253760219,0.349786029,1.347073947,2.219969744,2.667629469,3.41373104,3.68375984
2392,-1.930724593,-1.489705205,-0.330313348,0.280711614,1.290032933,2.151680493,2.613461657,3.357827439,3.624752287
2393,-1.972478548,-1.550249758,-0.392017867,0.217631232,1.226901738,2.085435376,2.553781995,3.308702673,3.563367917
2394,-2.007206879,-1.597210751,-0.456724864,0.151433023,1.169640036,2.021372682,2.493716136,3.254263065,3.510875893
2395,-2.042778983,-1.651354813,-0.52094365,0.086052764,1.111255335,1.960652549,2.433977168,3.207077313,3.45962541
2396,-2.080499481,-1.703721572,-0.590383706,0.019749803,1.05372388,1.901606556,2.364024801,3.167348393,3.412197174
2397,-2.113554294,-1.754307417,-0.647647553,-0.046985032,0.998382544,1.847639398,2.296000904,3.133776287,3.366340412
2398,-2.154267319,-1.811893309,-0.712953351,-0.112914353,0.940965017,1.792702751,2.226397182,3.097905602,3.333167296
2399,-2.196062389,-1.864455667,-0.766965013,-0.17646028,0.883457956,1.740907115,2.161372927,3.0786179,3.304246319
2400,-2.232496496,-1.913750485,-0.818937895,-0.23661723,0.825863554,1.688714919,2.104081364,3.050379935,3.274866999
2401,-2.270996265,-1.965588781,-0.870858246,-0.300588909,0.766782926,1.640512023,2.041057503,3.031677553,3.254812208
2402,-2.310458161,-2.017194215,-0.919050697,-0.366672947,0.709256841,1.590155768,1.985298698,3.002578338,3.240211969
2403,-2.358730063,-2.063228946,-0.967023252,-0.42865722,0.651527095,1.546494665,1.936437239,2.983528202,3.22106329
2404,-2.406188995,-2.10052734,-1.014198183,-0.489314414,0.594658324,1.497880203,1.886347882,2.958769519,3.200118777
2405,-2.451775313,-2.144455798,-1.056516485,-0.547610112,0.537871179,1.454104359,1.847025856,2.933428225,3.18341437
2406,-2.507404617,-2.191874824,-1.099400861,-0.611502667,0.481730437,1.413195255,1.806002654,2.900142432,3.170984823
2407,-2.559191091,-2.227916985,-1.140958622,-0.671045101,0.421531098,1.368617165,1.774239216,2.875125622,3.150777811
2408,-2.607376096,-2.271808192,-1.182443311,-0.727851353,0.366938637,1.329743474,1.740981236,2.841595705,3.132693965
2409,-2.657991973,-2.312902165,-1.226618916,-0.786497139,0.308746736,1.291831797,1.709712159,2.802986272,3.112064951
2410,-2.710572368,-2.344832289,-1.268781526,-0.837390992,0.24937043,1.260798395,1.688451449,2.767065971,3.092814181
2411,-2.749666999,-2.391591893,-1.312593592,-0.896355088,0.191702754,1.227452065,1.654665591,2.735978517,3.078278742
2412,-2.785984818,-2.430041244,-1.359455523,-0.947145602,0.138705166,1.194063083,1.636237448,2.701751218,3.055432336
2413,-2.834421399,-2.472941408,-1.399927582,-0.998179551,0.082817274,1.169837767,1.615572446,2.670339795,3.032897727
2414,-2.861305809,-2.497798757,-1.44334846,-1.050270587,0.026712985,1.140145312,1.592377718,2.639072672,3.016050265
2415,-2.90661817,-2.538403198,-1.484408204,-1.097390403,-0.028034542,1.115643031,1.578776952,2.611495451,2.989363561
2416,-2.934521541,-2.570662977,-1.525224371,-1.144517506,-0.078186514,1.089234346,1.564783382,2.578406392,2.970725158
2417,-2.954303594,-2.598287252,-1.56216957,-1.189491353,-0.130997626,1.062575528,1.553430285,2.556338129,2.953001547
2418,-2.973203845,-2.621404632,-1.602916403,-1.23437246,-0.175208049,1.042903034,1.53454171,2.531501985,2.926453874
2419,-3.001878946,-2.646509009,-1.640932418,-1.280752547,-0.225063669,1.015526397,1.521570079,2.503833521,2.907091084
2420,-3.017406702,-2.67067985,-1.677824358,-1.32317421,-0.266760463,0.991259729,1.506493073,2.478997491,2.887433362
2421,-3.030362398,-2.68420845,-1.712699025,-1.358227929,-0.305656581,0.971605679,1.491343053,2.45880389,2.871922131
2422,-3.043736987,-2.697409415,-1.753564283,-1.393072689,-0.345295945,0.95197332,1.474940778,2.439216977,2.855306027
2423,-3.06071221,-2.715739693,-1.79381977,-1.429274642,-0.377643857,0.934724333,1.450902194,2.417941764,2.843934606
2424,-3.072624516,-2.730159092,-1.834745421,-1.462847974,-0.410664539,0.918759476,1.435576171,2.404741836,2.828624209
2425,-3.082202306,-2.73707983,-1.87063507,-1.496581146,-0.439997201,0.899192427,1.418598721,2.385238546,2.815530957
2426,-3.086831157,-2.751377017,-1.910347724,-1.529939951,-0.466075076,0.881327127,1.403494629,2.374696005,2.812965641
2427,-3.099687311,-2.763875606,-1.942239193,-1.563975637,-0.489597836,0.862662391,1.385860403,2.36459504,2.802693508
2428,-3.110341019,-2.772004915,-1.977583419,-1.598468801,-0.516731513,0.846460012,1.373644312,2.359274273,2.791727925
2429,-3.11849869,-2.78549472,-2.009033902,-1.635247494,-0.535758985,0.834005826,1.36073741,2.355849629,2.79617698
2430,-3.127645299,-2.803408208,-2.034213823,-1.666117633,-0.556731308,0.814501358,1.349163603,2.349884771,2.804159285
2431,-3.137703713,-2.811054686,-2.059237906,-1.695589024,-0.573593276,0.799232571,1.340406608,2.351166943,2.793570684
2432,-3.152241453,-2.83127855,-2.076008802,-1.729028689,-0.589546851,0.786941984,1.328253062,2.349639929,2.804728283
2433,-3.163629453,-2.847314063,-2.099652841,-1.750679982,-0.602919973,0.775523462,1.310691433,2.356425376,2.818991577
2434,-3.172850677,-2.858380461,-2.114477841,-1.770204862,-0.61920505,0.762174497,1.300827673,2.354285782,2.852286587
2435,-3.17910925,-2.873904835,-2.130512535,-1.787769817,-0.630168229,0.751281951,1.289956565,2.358572852,2.874213979
2436,-3.183090074,-2.890340341,-2.139714254,-1.801985267,-0.639111755,0.739955362,1.282623551,2.35414013,2.904277287
2437,-3.199993343,-2.907200388,-2.156447512,-1.814730937,-0.651149897,0.72697117,1.266758722,2.358516032,2.930548495
2438,-3.202473382,-2.922240633,-2.161535364,-1.826128414,-0.660118626,0.721499025,1.253400798,2.352369133,2.962939909
2439,-3.204252912,-2.928469446,-2.173035044,-1.834897141,-0.673544848,0.714630792,1.247505991,2.358858986,2.993788165
2440,-3.205859103,-2.940488602,-2.182752562,-1.839503972,-0.681075657,0.70535965,1.232581187,2.356146249,3.027935414
2441,-3.205255323,-2.94795826,-2.191283135,-1.842538968,-0.687815197,0.696192799,1.223817359,2.354710193,3.070202266
2442,-3.222348867,-2.952086254,-2.203462185,-1.844422685,-0.693957228,0.69615048,1.216690166,2.356225029,3.101810428
2443,-3.217802675,-2.959131177,-2.210079303,-1.843549521,-0.698519143,0.689345829,1.210313581,2.362698444,3.136718222
2444,-3.221887035,-2.960284391,-2.219957951,-1.843598997,-0.700045906,0.682407655,1.20207116,2.364913594,3.17822246
2445,-3.225229884,-2.960973639,-2.222560106,-1.84522221,-0.696214941,0.674259524,1.190667912,2.367978465,3.202644784
2446,-3.221047827,-2.959798776,-2.227681452,-1.841092974,-0.693067074,0.670993594,1.185915479,2.374518542,3.246935464
2447,-3.22344032,-2.962781556,-2.231174825,-1.839741456,-0.69007849,0.669275301,1.181862871,2.38524196,3.272359619
2448,-3.220001288,-2.951570147,-2.233230047,-1.838044105,-0.686481216,0.667624722,1.17298553,2.387738487,3.30512342
2449,-3.217536307,-2.944368452,-2.232981309,-1.837185889,-0.680061426,0.662163079,1.169116888,2.397227961,3.331239186
2450,-3.218820799,-2.943084801,-2.227745131,-1.832200022,-0.668485326,0.662932468,1.159072577,2.410259981,3.346623821
2451,-3.213749452,-2.931723957,-2.223887787,-1.825965975,-0.657185975,0.664786879,1.157106162,2.412926863,3.370055219
2452,-3.201963798,-2.919470486,-2.214783385,-1.821733834,-0.643720083,0.664376486,1.14885868,2.420356123,3.393573033
2453,-3.192755021,-2.910401554,-2.206587654,-1.81534867,-0.629179953,0.667866381,1.148705983,2.434065862,3.402917048
2454,-3.178521353,-2.901319873,-2.191903592,-1.808081321,-0.612623961,0.673676107,1.146092483,2.437279798,3.424500904
2455,-3.176900699,-2.888651509,-2.177575258,-1.804780781,-0.594177382,0.681875101,1.144713238,2.446217888,3.44246126
2456,-3.158716502,-2.875507624,-2.168667997,-1.792418462,-0.577242683,0.683224684,1.144429415,2.462840483,3.466900135
2457,-3.146306622,-2.852646387,-2.151197388,-1.782217894,-0.561835651,0.687939134,1.148278103,2.462996859,3.464390461
2458,-3.13443352,-2.833232588,-2.132097855,-1.767910359,-0.54355339,0.688094484,1.150473934,2.463263367,3.472866694
2459,-3.116318267,-2.813982457,-2.117569425,-1.755941886,-0.523847879,0.688377238,1.15301521,2.484385029,3.474285505
2460,-3.09640983,-2.793602695,-2.098657727,-1.737837096,-0.508349247,0.698326586,1.155999579,2.493886044,3.473747298
2461,-3.074863621,-2.76997282,-2.079889063,-1.720697776,-0.49007452,0.702467581,1.157859062,2.500389025,3.471932979
2462,-3.051008014,-2.742613656,-2.055524955,-1.700865601,-0.469941345,0.702137837,1.16273469,2.506588847,3.47527793
2463,-3.027200777,-2.717577342,-2.03784808,-1.679522007,-0.452703231,0.706422368,1.165954641,2.519482348,3.469616032
2464,-3.009665607,-2.691552881,-2.015497949,-1.655213808,-0.432521765,0.708381675,1.169997375,2.527752352,3.459868253
2465,-2.98005093,-2.66714917,-1.990006744,-1.631068256,-0.415503233,0.712043679,1.177815708,2.539611209,3.462270333
2466,-2.95584413,-2.639900801,-1.964964249,-1.605178046,-0.395372811,0.714740913,1.17943545,2.557191295,3.453571153
2467,-2.924573027,-2.612211716,-1.936996008,-1.575510048,-0.376029153,0.718083028,1.184303959,2.567622579,3.447093796
2468,-2.899029019,-2.585545495,-1.910111705,-1.549770989,-0.355664032,0.721362799,1.186247012,2.584847576,3.438126068
2469,-2.867046136,-2.56606016,-1.882673326,-1.519544379,-0.334837541,0.726702006,1.192670194,2.596810373,3.428555631
2470,-2.845313094,-2.533544861,-1.850821913,-1.488357014,-0.318947578,0.728082673,1.195179436,2.613197273,3.430535624
2471,-2.812287177,-2.509846751,-1.818317277,-1.457834619,-0.297731235,0.734001098,1.199805405,2.629481021,3.42292358
2472,-2.784603437,-2.481382747,-1.784105369,-1.423529473,-0.274864625,0.739509609,1.194937442,2.634032292,3.420308467
2473,-2.765772008,-2.455925411,-1.752274646,-1.396450119,-0.259051164,0.743095557,1.200339723,2.650459451,3.42088715
2474,-2.735130198,-2.424920238,-1.721508763,-1.363458682,-0.237852634,0.749109894,1.20071497,2.65190134,3.41574967
2475,-2.713899143,-2.401807773,-1.687582247,-1.326952566,-0.213234388,0.75491817,1.200485133,2.671120303,3.411977958
2476,-2.693479098,-2.368316277,-1.649800859,-1.296613933,-0.197885111,0.76047912,1.20559733,2.66159696,3.409524627
2477,-2.668332266,-2.333176485,-1.614361312,-1.263118553,-0.17616164,0.770355567,1.200083151,2.668020598,3.41220832
2478,-2.639050717,-2.299240781,-1.577457783,-1.229037344,-0.152772995,0.772746707,1.204876341,2.67183078,3.40709786
2479,-2.625733087,-2.269796866,-1.541717124,-1.192309183,-0.135363056,0.783239505,1.202516022,2.67824292,3.400644304
2480,-2.591753173,-2.227465009,-1.50490737,-1.159281918,-0.115113348,0.789722553,1.203690698,2.675888413,3.404609141
2481,-2.568907215,-2.18712443,-1.466650434,-1.125687363,-0.095235534,0.795121746,1.202259877,2.666131494,3.393351151
2482,-2.539057444,-2.151181603,-1.430292098,-1.086938785,-0.073291345,0.803123699,1.205838195,2.668049691,3.384685635
2483,-2.501587854,-2.113442417,-1.389817689,-1.053151119,-0.053756912,0.811382529,1.202248096,2.653269932,3.385075796
2484,-2.474921703,-2.078036539,-1.35073451,-1.017064382,-0.037031893,0.819176339,1.207134596,2.640213664,3.377607491
2485,-2.441668156,-2.036507699,-1.313119678,-0.984688147,-0.013477769,0.823794347,1.205149879,2.632010234,3.365829726
2486,-2.406921915,-1.992102781,-1.276402315,-0.951887295,0.005546618,0.832907011,1.20186388,2.616336249,3.343100437
2487,-2.371483218,-1.953948186,-1.238899525,-0.915721415,0.024795667,0.838233943,1.202336188,2.596234906,3.322734065
2488,-2.323138008,-1.912158267,-1.198288049,-0.880167862,0.041549709,0.844881553,1.20556793,2.5799014,3.293568599
2489,-2.292339665,-1.870436871,-1.161390896,-0.843515958,0.058502523,0.851309075,1.205286218,2.563088535,3.274849787
2490,-2.250999553,-1.826355966,-1.125437995,-0.806354214,0.079358254,0.856786553,1.205965333,2.539074415,3.247111323
2491,-2.21084665,-1.785826259,-1.08323551,-0.773981761,0.096902565,0.863418737,1.207779091,2.518282679,3.219045806
2492,-2.167026514,-1.740369972,-1.047361274,-0.740131812,0.118299358,0.872331637,1.206710478,2.493571617,3.191244147
2493,-2.122582538,-1.70671603,-1.008793141,-0.703509672,0.133408196,0.877950198,1.205622131,2.464334585,3.151153217
2494,-2.078688515,-1.66860232,-0.971252265,-0.67160898,0.151233953,0.883789236,1.208748715,2.441705343,3.112881279
2495,-2.042743475,-1.619556133,-0.936927105,-0.637923725,0.168978176,0.892230233,1.211003285,2.411332718,3.071624031
2496,-1.996464728,-1.58674162,-0.899958076,-0.602193377,0.182759949,0.898643153,1.214068413,2.38537375,3.038809678
2497,-1.963731728,-1.543236101,-0.862444304,-0.573362368,0.199600048,0.905804147,1.219340788,2.352782948,2.997867139
2498,-1.911310269,-1.512725482,-0.830700458,-0.541860276,0.215697501,0.914725938,1.221435558,2.322828379,2.948758323
2499,-1.875726325,-1.469876447,-0.795182744,-0.51198307,0.231567648,0.921840849,1.224174862,2.295284421,2.898266264
2500,-1.836982822,-1.437038854,-0.757227483,-0.479732425,0.245539592,0.929428144,1.229755151,2.268586665,2.853257489
2501,-1.798336183,-1.396094902,-0.72720746,-0.452078858,0.259671979,0.94029888,1.234787973,2.22530924,2.813340407
2502,-1.756547158,-1.363909646,-0.692964743,-0.424968899,0.272233631,0.945946762,1.23961869,2.195934035,2.757761717
2503,-1.721769769,-1.330637859,-0.660111953,-0.395773348,0.286377536,0.953788454,1.243214557,2.16895041,2.706913833
2504,-1.68403426,-1.30062479,-0.626989066,-0.371690219,0.301212173,0.959985613,1.250856332,2.136169687,2.647906522
2505,-1.652135217,-1.268445788,-0.597284781,-0.34600625,0.311989993,0.967768105,1.254145465,2.103950308,2.596968584
2506,-1.618875834,-1.235533433,-0.570672311,-0.321527616,0.323090591,0.974122313,1.260349622,2.076662586,2.544847366
2507,-1.584160714,-1.202960568,-0.542494954,-0.295846347,0.334762013,0.978358993,1.266842434,2.04912972,2.494748991
2508,-1.544662379,-1.172582691,-0.51659744,-0.271814929,0.346659634,0.982403353,1.266276209,2.019018727,2.444704525
2509,-1.514310434,-1.144748046,-0.492115286,-0.252896396,0.356360704,0.98483699,1.269585387,2.001852521,2.394456745
2510,-1.486768056,-1.119010636,-0.467282642,-0.229609931,0.367765538,0.987949806,1.26709826,1.985432854,2.360840229
2511,-1.446598897,-1.087964884,-0.444169568,-0.209873366,0.376287414,0.989873804,1.269296091,1.972248304,2.315995764
2512,-1.415451607,-1.064550827,-0.422377334,-0.189330059,0.387727302,0.989759957,1.270990288,1.961045067,2.296782346
2513,-1.39386018,-1.046964979,-0.402585438,-0.168331107,0.394879017,0.991058894,1.265388153,1.953941191,2.269297849
2514,-1.372480928,-1.021222972,-0.384216741,-0.150088404,0.405902864,0.987209723,1.26246679,1.945286784,2.257628775
2515,-1.353567186,-1.004275357,-0.360214058,-0.130208234,0.412145659,0.985746971,1.260172426,1.938439805,2.253293782
2516,-1.327275577,-0.982972012,-0.343296393,-0.112813255,0.420441581,0.983164503,1.252324686,1.929655403,2.250918886
2517,-1.314178721,-0.970428284,-0.325415204,-0.094580994,0.426757292,0.980536582,1.245565674,1.929544927,2.259594692
2518,-1.2970927,-0.951150193,-0.30698776,-0.079850658,0.435077785,0.976858892,1.238079004,1.925242633,2.269359424
2519,-1.289902372,-0.935484171,-0.291073148,-0.0645193,0.440138922,0.970498945,1.232932601,1.925044033,2.280537888
2520,-1.280525699,-0.9177352,-0.274618058,-0.051285556,0.443658117,0.968999412,1.225609863,1.925973962,2.300024943
2521,-1.2801621,-0.89784728,-0.260306733,-0.037202683,0.447599155,0.964634991,1.222515413,1.925176055,2.31406469
2522,-1.275811638,-0.879016861,-0.24428046,-0.028739581,0.450550035,0.96155968,1.218223574,1.923435558,2.34676576
2523,-1.270444615,-0.859878008,-0.235848423,-0.017584037,0.453842945,0.959298184,1.213372743,1.9355084,2.361901715
2524,-1.262392224,-0.834282306,-0.22352351,-0.011773616,0.455959002,0.956795687,1.212550109,1.926851017,2.387607098
2525,-1.256764253,-0.815804112,-0.215044185,-0.003953059,0.459060814,0.955843864,1.210880638,1.934044011,2.41865618
2526,-1.249506917,-0.793231783,-0.208432252,0.000176272,0.460478051,0.954804568,1.204863537,1.940180223,2.435564323
2527,-1.231730057,-0.779013017,-0.203047498,0.005738463,0.460694927,0.957686333,1.204359665,1.944338059,2.458615893
2528,-1.205963003,-0.763000822,-0.197273422,0.00651924,0.461800906,0.956773258,1.202139195,1.951223303,2.477647323
2529,-1.193169135,-0.747665026,-0.19544592,0.005455485,0.461871807,0.95953601,1.198991647,1.958357814,2.500174894
2530,-1.172089906,-0.736458113,-0.192485363,0.006150103,0.464637456,0.960552524,1.199978569,1.969108942,2.518221238
2531,-1.165349202,-0.730318713,-0.191331326,0.006443224,0.46579718,0.958686783,1.197616495,1.973845859,2.545903946
2532,-1.14505914,-0.722245438,-0.19015348,0.006138529,0.466046889,0.961172541,1.197193946,1.984260358,2.556823469
2533,-1.144607196,-0.722777963,-0.190680199,0.005519527,0.468227583,0.964717363,1.195086489,1.993445054,2.580928728
2534,-1.149793887,-0.72212593,-0.192342597,0.005385175,0.468072142,0.96280459,1.193718606,2.012441733,2.607364467
2535,-1.156064075,-0.725079892,-0.19234104,0.002875857,0.467392458,0.964651788,1.19606059,2.020394215,2.62401185
2536,-1.179224939,-0.728889054,-0.193413334,0.003331291,0.470095772,0.963827853,1.198395631,2.031980429,2.642653106
2537,-1.216572306,-0.731007958,-0.193219521,1.38E-05,0.471195506,0.964864797,1.196964294,2.049979606,2.657536776
2538,-1.253709429,-0.734246852,-0.194490299,-0.003435401,0.469818544,0.963729988,1.199477747,2.054861784,2.680300241
2539,-1.2990629,-0.733414258,-0.195786988,-0.004460935,0.470951011,0.965042511,1.199244436,2.073791944,2.696114024
2540,-1.359203014,-0.73680963,-0.199088123,-0.008314092,0.470807266,0.959906292,1.201175732,2.087154781,2.709399761
2541,-1.424246309,-0.737974094,-0.198532543,-0.010027959,0.47041509,0.963847235,1.20510768,2.104636538,2.727167376
2542,-1.471909119,-0.742711281,-0.202319726,-0.011742879,0.467783896,0.958603882,1.20477944,2.116174938,2.744338581
2543,-1.537382297,-0.749592061,-0.205223937,-0.012910366,0.466506964,0.95977362,1.205206357,2.12688274,2.764597019
2544,-1.609367997,-0.744426959,-0.207495604,-0.016673584,0.466818918,0.95915008,1.212335916,2.137052226,2.780754321
2545,-1.666908953,-0.75798219,-0.207454869,-0.018131419,0.464039508,0.962278306,1.211760632,2.158062502,2.7921675
2546,-1.728194909,-0.771117856,-0.209907106,-0.019174617,0.465335888,0.96087891,1.213432873,2.177167423,2.812504581
2547,-1.803516493,-0.780338417,-0.210935618,-0.020768066,0.463067816,0.958629525,1.215643879,2.190338281,2.823479982
2548,-1.850923978,-0.787793601,-0.214474709,-0.027213016,0.461205171,0.956961793,1.216477765,2.213339977,2.829052435
2549,-1.916033813,-0.801064886,-0.216627902,-0.027187867,0.459175767,0.958880456,1.220618712,2.216953703,2.842065608
2550,-1.961892621,-0.817645845,-0.219719215,-0.029996567,0.458957768,0.957804966,1.221923499,2.236842828,2.86744889
2551,-2.022812846,-0.82857483,-0.221016037,-0.032971498,0.456156333,0.957834734,1.223542396,2.247755974,2.861742399
2552,-2.066641545,-0.839275824,-0.226234692,-0.035361256,0.453911213,0.956591929,1.225784474,2.261014923,2.878254826
2553,-2.114950418,-0.852890889,-0.230682226,-0.040379783,0.456250076,0.955524555,1.228309818,2.279638665,2.888212584
2554,-2.162975412,-0.867473267,-0.230852106,-0.042024281,0.450187078,0.953768292,1.225943752,2.290496025,2.904257493
2555,-2.197330222,-0.881757821,-0.239341468,-0.046522106,0.449369261,0.95376078,1.227202747,2.297834218,2.903942878
2556,-2.234998916,-0.895895013,-0.239858718,-0.04988773,0.449013044,0.950705927,1.229408159,2.308164997,2.919690447
2557,-2.264013859,-0.909698833,-0.245149758,-0.053403739,0.446183081,0.953740987,1.228336208,2.328841451,2.939635433
2558,-2.30381282,-0.923788202,-0.248430105,-0.055782369,0.446873866,0.952863873,1.230753164,2.327448231,2.947550423
2559,-2.323307696,-0.938760916,-0.24986009,-0.060310738,0.445298985,0.952152255,1.228242595,2.340489069,2.954869473
2560,-2.346586991,-0.953623495,-0.258715129,-0.062450331,0.444101742,0.949299235,1.225208513,2.349641299,2.967812732
2561,-2.36659706,-0.96596076,-0.259303656,-0.066304021,0.440469367,0.94733317,1.226151674,2.358220045,2.966588707
2562,-2.380654771,-0.977959835,-0.265145062,-0.070681439,0.437766762,0.947428436,1.222131252,2.370036309,2.978768282
2563,-2.38940705,-0.989461803,-0.269277772,-0.072755569,0.436180971,0.949389918,1.2200036,2.372734047,2.986237693
2564,-2.411487786,-0.994864643,-0.273481601,-0.075190861,0.435172788,0.947655631,1.218664255,2.368437806,3.005885373
2565,-2.418283883,-1.009721476,-0.277535931,-0.07752254,0.434452844,0.945270765,1.214337624,2.371564991,2.995380786
2566,-2.422595756,-1.019867886,-0.279706735,-0.083005959,0.432257629,0.94526184,1.215352289,2.366738464,3.011687069
2567,-2.418294059,-1.024230968,-0.287440757,-0.086081273,0.429951053,0.943682271,1.216829115,2.392018196,3.004175877
2568,-2.435696888,-1.028659722,-0.287980675,-0.086512516,0.428871728,0.941952794,1.211109387,2.37647587,3.022287313
2569,-2.434351021,-1.038890262,-0.293960015,-0.090911108,0.426004473,0.940189973,1.208178027,2.382322722,3.041226265
2570,-2.40812139,-1.047910219,-0.294971847,-0.094229261,0.423240475,0.938250504,1.206533423,2.374537584,3.024947529
2571,-2.426162804,-1.055149279,-0.301206607,-0.094689208,0.420814255,0.937879724,1.206352941,2.376441276,3.041522624
2572,-2.413438424,-1.058623202,-0.306550839,-0.097828263,0.417808689,0.936578239,1.200878958,2.387350997,3.048026368
2573,-2.405880166,-1.07211941,-0.310059269,-0.101930361,0.414647574,0.9315032,1.196767373,2.383968584,3.04561986
2574,-2.383607574,-1.068737824,-0.312846172,-0.1038971,0.413299992,0.93261772,1.192745058,2.380197266,3.054950702
2575,-2.37925033,-1.073099264,-0.320509091,-0.106527965,0.408718552,0.92853794,1.18978661,2.372242598,3.050767693
2576,-2.362088726,-1.079767826,-0.323819106,-0.109141618,0.407603652,0.926126399,1.183893231,2.368462631,3.054787661
2577,-2.363249203,-1.075396596,-0.327890357,-0.11510202,0.402444963,0.924511102,1.18161184,2.361491157,3.062860215
2578,-2.329847798,-1.074781078,-0.331044467,-0.118365412,0.400377502,0.921478185,1.178131852,2.355579488,3.066108114
2579,-2.321166076,-1.082148214,-0.339157496,-0.119009932,0.397618289,0.919045787,1.172763,2.368553245,3.068791824
2580,-2.308796237,-1.082535042,-0.339314644,-0.123966236,0.39326667,0.915918575,1.166453397,2.354095147,3.060266167
2581,-2.294379104,-1.087560264,-0.343716452,-0.126431182,0.391570919,0.910182519,1.160485271,2.358710308,3.061580797
2582,-2.270666606,-1.091319269,-0.351229996,-0.127433119,0.386628095,0.907568561,1.1571606,2.358978085,3.057916775
2583,-2.259045759,-1.088474875,-0.354691063,-0.133719117,0.382954994,0.902763944,1.153362947,2.35467321,3.062201212
2584,-2.245072914,-1.093679832,-0.362525511,-0.138586032,0.37954277,0.899737985,1.146870226,2.358754408,3.059281202
2585,-2.220641318,-1.099659716,-0.364553398,-0.14109281,0.374094444,0.894373893,1.139933213,2.370967859,3.0451798
2586,-2.208084833,-1.101212267,-0.370815603,-0.144162564,0.371880529,0.889767305,1.134570297,2.373150681,3.039758215
2587,-2.1976734,-1.108856941,-0.376643121,-0.150012346,0.365673302,0.886375716,1.127049289,2.381978072,3.032212241
2588,-2.179156341,-1.112693563,-0.384746926,-0.156950582,0.361732095,0.880551257,1.118573233,2.391545999,3.02552472
2589,-2.162528492,-1.117895022,-0.39025185,-0.161564113,0.357224297,0.876071075,1.112755777,2.395039119,3.025400465
2590,-2.151229516,-1.120834745,-0.397341919,-0.164572187,0.354217811,0.869194616,1.104054738,2.407270948,3.017614751
2591,-2.134272467,-1.134589887,-0.402011037,-0.172537639,0.348822092,0.866704288,1.100376912,2.424479337,3.01608332
2592,-2.124834087,-1.134050736,-0.411109614,-0.17727189,0.343287341,0.857634025,1.089249803,2.427454997,3.011790719
2593,-2.126882943,-1.138840879,-0.416646972,-0.183705956,0.33994393,0.851351926,1.087890714,2.441245132,3.018991666
2594,-2.111820675,-1.148970281,-0.42488873,-0.190752716,0.333503641,0.845705871,1.080427618,2.453158484,3.025028669
2595,-2.108068195,-1.154288597,-0.433020007,-0.196683331,0.328559674,0.838029953,1.074628066,2.467367185,3.028075227
2596,-2.09846394,-1.172463999,-0.438364059,-0.200408887,0.322110804,0.83394255,1.066500017,2.4703184,3.029035799
2597,-2.101998826,-1.175647412,-0.449842509,-0.212188278,0.315983493,0.82534746,1.060191811,2.477451624,3.028973486
2598,-2.092165878,-1.176635357,-0.454388605,-0.218177211,0.310925416,0.818250764,1.054142339,2.471487139,3.05605266
2599,-2.099328036,-1.195037961,-0.465011408,-0.225593955,0.304454331,0.812914612,1.049884006,2.475981927,3.064634275
2600,-2.103032156,-1.204306672,-0.471600873,-0.235365193,0.297193773,0.805332299,1.041371847,2.466048521,3.092200034